codigo_articulo,unidad_medida,barcode,longitud_barcode,unidades_x_bulto,id_barcode,id_um,id_articulo_connexa,ext_code,uuid_barcode,timestamp,validacion_ean,descripcion_producto,descripcion_ean,ean_ocurrencias
85132,Unidades,7793492002227,13.0,1,1,unidad,1de28920-b3fb-4aad-89fa-9309d1ac3ea1,85132,e54a3cac-a77c-45c3-8d6c-cd5e42248af4,2025-05-15 08:01:12.170593,True,CALOVENTOR CRIVEL 2000W CV-13,CALOVENTOR CRIVEL 2000W CV-13,2.0
85132,Unidades,7793492002227,13.0,4,1,unidad,1de28920-b3fb-4aad-89fa-9309d1ac3ea1,85132,b0cec534-7e11-401c-a790-d61fc80d3849,2025-05-15 08:01:12.170601,True,CALOVENTOR CRIVEL 2000W CV-13,PACK * 4 - CALOVENTOR CRIVEL 2000W CV-13,2.0
21587,Unidades,27796373002938,14.0,30,5,unidad,85199f55-4caf-499e-956c-7c8317f07ca5,21587,e6b4068d-88d0-42fe-aa48-69081242cf13,2025-05-15 08:01:12.373934,True,ESPECIAS LA PARMESANA PIMIENTA NEGRA 50 GR,CAJA * 30 - ESPECIAS LA PARMESANA PIMIENTA NEGRA 50 GR,2.0
74404,Unidades,7798104663155,13.0,1,1,unidad,18ad5855-10a2-4600-8bdc-b4dd3466ae38,74404,1d866a60-a7c2-404a-b11f-107088a70fad,2025-05-15 08:01:12.847097,True,SECAPLATOS MULTIENVASE DELUXE,SECAPLATOS MULTIENVASE DELUXE,2.0
74404,Unidades,7798104663155,13.0,12,1,unidad,18ad5855-10a2-4600-8bdc-b4dd3466ae38,74404,7d5a2804-3a04-4c68-9425-7eb5528435ef,2025-05-15 08:01:12.847103,True,SECAPLATOS MULTIENVASE DELUXE,PACK * 12 - SECAPLATOS MULTIENVASE DELUXE,2.0
5358,Unidades,7791274196010,13.0,1,1,unidad,c4ef7a31-1300-4e67-90b0-c747946ee27b,5358,78f8cbc9-b9d1-4e3b-b090-c2388475e3e7,2025-05-15 08:01:13.503321,True,JABON LIQUIDO ALGABO CITRUS DOYPACK 300 ML,JABON LIQUIDO ALGABO CITRUS DOYPACK 300 ML,2.0
5358,Unidades,7791274196010,13.0,12,1,unidad,c4ef7a31-1300-4e67-90b0-c747946ee27b,5358,542a5b17-6eb8-46f5-8f12-70ffb768dfb6,2025-05-15 08:01:13.503328,True,JABON LIQUIDO ALGABO CITRUS DOYPACK 300 ML,PACK * 12 - JABON LIQUIDO ALGABO CITRUS DOYPACK 300 ML,2.0
5065,Unidades,7790940003089,13.0,10,1,unidad,393e632a-1a22-4bd1-9a79-5b64f6fe6ea6,5065,2bcd7dd4-12e6-40c7-a7ac-4fe0ca29b454,2025-05-15 08:01:13.514887,True,ALGODON DONCELLA 300 GR,PACK * 10 - ALGODON DONCELLA 300 GR,2.0
5065,Unidades,7790940003089,13.0,1,1,unidad,393e632a-1a22-4bd1-9a79-5b64f6fe6ea6,5065,455eac14-c6e4-409a-a634-aa540224f888,2025-05-15 08:01:13.514894,True,ALGODON DONCELLA 300 GR,ALGODON DONCELLA 300 GR,2.0
23736,Unidades,77798151953130,14.0,15,5,unidad,21b03886-037e-4561-b077-22b6d82fc2e8,23736,712f4d47-9339-477a-8b0a-9ea6494df85e,2025-05-15 08:01:13.926327,True,MANI KING FRITO C PIEL 500 GR,CAJA * 15 - MANI KING FRITO C PIEL 500 GR,2.0
23734,Unidades,77798151953123,14.0,15,5,unidad,2e411368-65d6-4436-ab56-c996c88b5d4f,23734,5011dca0-386c-42be-8f76-477e4a209bea,2025-05-15 08:01:13.930969,True,MANI KING TOSTADO 350 GR SIN SAL,CAJA * 15 - MANI KING TOSTADO 350 GR SIN SAL,2.0
23735,Unidades,77798151953147,14.0,15,5,unidad,cafb0dbf-5440-4257-a12d-7f6d2ea42510,23735,3a6a3a88-8efe-47a1-8386-958dd0b36211,2025-05-15 08:01:13.988222,True,MANI KING FRITO C PIEL 100 GR,CAJA * 15 - MANI KING FRITO C PIEL 100 GR,2.0
45673,Unidades,736372259370,12.0,1,2,unidad,d28f6db2-374d-4391-934b-35ac53ef750d,45673,d97b0ce1-815f-4a00-9362-12a4bbfa2909,2025-05-15 08:01:17.862665,True,SILLA PLEGABLE ALUMINIO 5 POSIC. CCOOLER BAG,SILLA PLEGABLE ALUMINIO 5 POSIC. CCOOLER BAG,2.0
45673,Unidades,736372259370,12.0,4,2,unidad,d28f6db2-374d-4391-934b-35ac53ef750d,45673,5722f196-1a3c-434c-94ec-5804c3a216ff,2025-05-15 08:01:17.862672,True,SILLA PLEGABLE ALUMINIO 5 POSIC. CCOOLER BAG,SILLA PLEGABLE ALUMINIO 5 POSIC. CCOOLER BAG,2.0
50006,Unidades,7790400018585,13.0,1,1,unidad,7aca78ef-a778-4739-a818-f9b4dbb0bcee,50006,a25b2296-563e-4085-9250-443ea58adef7,2025-05-15 08:01:18.200169,True,PEGAMENTO UNIPOX 25 ML UNIVERSAL,PEGAMENTO UNIPOX 25 ML UNIVERSAL,2.0
50006,Unidades,7790400018585,13.0,120,1,unidad,7aca78ef-a778-4739-a818-f9b4dbb0bcee,50006,da50890b-54e9-4f99-9958-004766e38fe9,2025-05-15 08:01:18.200175,True,PEGAMENTO UNIPOX 25 ML UNIVERSAL,PACK * 120 - PEGAMENTO UNIPOX 25 ML UNIVERSAL,2.0
5127,Unidades,7796989007019,13.0,15,1,unidad,6630dccd-928a-4d79-a56d-7e188a7a589c,5127,56f0f1f4-5a95-49db-afb9-a35e4274cf29,2025-05-15 08:01:18.730920,True,PAN HAMBURGUESA BIMBO 210 GR,PACK * 15 - PAN HAMBURGUESA BIMBO 210 GR,2.0
5127,Unidades,7796989007019,13.0,1,1,unidad,6630dccd-928a-4d79-a56d-7e188a7a589c,5127,813b8587-bd1e-44ce-98f3-ea4e37b599e5,2025-05-15 08:01:18.730926,True,PAN HAMBURGUESA BIMBO 210 GR,PAN HAMBURGUESA BIMBO 210 GR,2.0
60087,Unidades,7702147236955,13.0,1,1,unidad,2e6e3a6f-2323-4341-834b-fab620ea4069,60087,032b958a-f519-4573-8fd7-5ac0cf40127e,2025-05-15 08:01:20.018237,True,COPA CRISTAR ARAGON AGUA 300CC,COPA CRISTAR ARAGON AGUA 300CC,2.0
30231,Unidades,7791017000062,13.0,12,1,unidad,95a57ccb-8725-4b1d-a5ef-e045f0ea8057,30231,3868ee4f-293d-406a-9fa1-c1eb6d11d7e5,2025-05-15 08:01:20.682847,True,ACEITE YANCANELO DE OLIVA EXTRA VIRGEN 1 LT,PACK * 12 - ACEITE YANCANELO DE OLIVA EXTRA VIRGEN 1 LT,2.0
30231,Unidades,7791017000062,13.0,1,1,unidad,95a57ccb-8725-4b1d-a5ef-e045f0ea8057,30231,736c2dc1-ca0f-414c-9c6f-89bfef488eae,2025-05-15 08:01:20.682853,True,ACEITE YANCANELO DE OLIVA EXTRA VIRGEN 1 LT,ACEITE YANCANELO DE OLIVA EXTRA VIRGEN 1 LT,2.0
40157,Unidades,4005900122186,13.0,12,1,unidad,4877dd70-f2cc-4f17-9b08-2eb65423dbfc,40157,ea78b84a-f08d-4dda-8b4f-4a304555d06c,2025-05-15 08:01:20.771135,True,DESODORANTE ANTITRANSPIRANTE NIVEA INVISIBLE BW T.SEDA 150M,PACK * 12 - DESODORANTE ANTITRANSPIRANTE NIVEA INVISIBLE BW T.SEDA 150M,2.0
32072,Unidades,7798107930391,13.0,1,1,unidad,42275d2e-c9ca-43f1-bded-c42c6908270f,32072,0f632a02-82ba-44ad-82d5-81e4646aa212,2025-05-15 08:01:20.954581,True,JUGO DE LIMON PRESTIGIO BIDON 5 LT,JUGO DE LIMON PRESTIGIO BIDON 5 LT,2.0
32072,Unidades,7798107930391,13.0,4,1,unidad,42275d2e-c9ca-43f1-bded-c42c6908270f,32072,f88cc8a7-655b-48c3-b05b-53ac59c9818d,2025-05-15 08:01:20.954587,True,JUGO DE LIMON PRESTIGIO BIDON 5 LT,PACK * 4 - JUGO DE LIMON PRESTIGIO BIDON 5 LT,2.0
49345,Unidades,7790940000071,13.0,8,1,unidad,7c12ef30-9937-48a0-bbf0-ccc6314d61e8,49345,f987bbb8-f84e-4033-9969-0d41fda3aa24,2025-05-15 08:01:21.237070,True,PANALES PARA ADULTOS NONISEC  RECTO GD 10 UN,PACK * 8 - PANALES PARA ADULTOS NONISEC  RECTO GD 10 UN,2.0
49345,Unidades,7790940000071,13.0,1,1,unidad,7c12ef30-9937-48a0-bbf0-ccc6314d61e8,49345,9342a2f8-f09a-4744-8cff-89241730c6c1,2025-05-15 08:01:21.237076,True,PANALES PARA ADULTOS NONISEC  RECTO GD 10 UN,PANALES PARA ADULTOS NONISEC  RECTO GD 10 UN,2.0
72679,Unidades,7798081285500,13.0,1,1,unidad,bee5427f-10c9-475b-a906-e7797253b2a6,72679,d0bfc022-160d-4235-8409-06672da0fbf2,2025-05-15 08:01:21.607176,True,PLANCHA A VAPOR SMARTLIFE 1740W SM2473PN,PLANCHA A VAPOR SMARTLIFE 1740W SM2473PN,2.0
72679,Unidades,7798081285500,13.0,4,1,unidad,bee5427f-10c9-475b-a906-e7797253b2a6,72679,8e5a7640-439d-4518-b610-f53d919ae746,2025-05-15 08:01:21.607181,True,PLANCHA A VAPOR SMARTLIFE 1740W SM2473PN,PACK * 4 - PLANCHA A VAPOR SMARTLIFE 1740W SM2473PN,2.0
72680,Unidades,7798081285494,13.0,1,1,unidad,72373240-552b-4687-b056-b814472aeede,72680,f24b89ce-51af-49fc-be7f-52efd99b7176,2025-05-15 08:01:21.657322,True,PLANCHA SECA SMARTLIFE 1200W DI2386PN,PLANCHA SECA SMARTLIFE 1200W DI2386PN,2.0
72680,Unidades,7798081285494,13.0,4,1,unidad,72373240-552b-4687-b056-b814472aeede,72680,ccfde2f4-37e1-4c5b-b335-edb12949acdf,2025-05-15 08:01:21.657327,True,PLANCHA SECA SMARTLIFE 1200W DI2386PN,PACK * 4 - PLANCHA SECA SMARTLIFE 1200W DI2386PN,2.0
27653,Unidades,77798151953147,14.0,15,5,unidad,abe974a3-8a72-4190-9c78-a0b9e5472105,27653,b73b42e8-798e-4cbe-8f12-99258915f209,2025-05-15 08:01:21.798330,True,MANI KING CHEF PANCETA 80GR,CAJA * 15 - MANI KING CHEF PANCETA 80GR,2.0
62222,Unidades,17798200540029,14.0,24,5,unidad,6523198e-35d0-411f-b45a-9257bed655a8,62222,a9af08b4-e58f-48e2-84f8-e832172520b8,2025-05-15 08:01:22.071438,True,REMERA LISA HOMBRE NEG TSXL NOMINAL,CAJA * 24 - REMERA LISA HOMBRE NEG TSXL NOMINAL,2.0
62251,Unidades,17798200540029,14.0,24,5,unidad,ac97273a-0a0f-4fc7-951a-925c52422e39,62251,8830e666-c8bd-449e-be6d-579cc513963b,2025-05-15 08:01:22.103146,True,REMERA LISA MUJER MORLEY COL SURT TSXL NOMINAL,CAJA * 24 - REMERA LISA MUJER MORLEY COL SURT TSXL NOMINAL,2.0
43047,Unidades,27796373002938,14.0,12,5,unidad,5f6232a8-5d60-40ac-ac81-47a15d808ef6,43047,de8da3d5-b702-4509-92be-468f5130ed36,2025-05-15 08:01:22.329847,True,SALSA LA PARMESANA PICANTE CAYENA X 180G.,CAJA * 12 - SALSA LA PARMESANA PICANTE CAYENA X 180G.,2.0
25231,Unidades,7793940306006,13.0,17,1,unidad,d1b8189b-41f3-4625-a690-be73c683d6d3,25231,38a09714-fab0-4dd3-b9ea-ef77081434c7,2025-05-15 08:01:22.471864,True,LECHE ARMONIA ULTRA PARC DESCREMADA 1 FORT SACH 1L,PACK * 17 - LECHE ARMONIA ULTRA PARC DESCREMADA 1 FORT SACH 1L,2.0
62297,Unidades,7798356951253,13.0,28,1,unidad,03c8455a-97b8-4cbd-a4e1-9703744e65cc,62297,87f1c668-e1e3-48c2-8f8d-2c0b76c9287d,2025-05-15 08:01:22.476816,True,REMERA MANGA CORTA BLANCO NOMINAL T 216,PACK * 28 - REMERA MANGA CORTA BLANCO NOMINAL T 216,2.0
25232,Unidades,7790742330703,13.0,17,1,unidad,94e1e1d1-6dca-4136-ba2b-c48e20c53061,25232,ee89c4a2-e5a9-4fac-b006-79fc9000681d,2025-05-15 08:01:22.609450,True,LECHE ARMONIA ULTRA PARC DESCREMADA 2 FORT SACHET 1L,PACK * 17 - LECHE ARMONIA ULTRA PARC DESCREMADA 2 FORT SACHET 1L,2.0
62252,Unidades,17798200540036,14.0,24,5,unidad,1828221e-f27f-42b3-91f9-ee7f925ae5b0,62252,1375c27d-4aba-44c9-b257-8f7f4cce2f44,2025-05-15 08:01:22.971775,True,CALZA MUJER MORLEY  NEGRA TSXL NOMINAL,CAJA * 24 - CALZA MUJER MORLEY  NEGRA TSXL NOMINAL,2.0
33760,Unidades,17622201492691,14.0,96,5,unidad,6b7825cb-d7d0-4f4f-9868-3cf57f969869,33760,de0b7f5c-076d-4097-9327-fa28d36aa343,2025-05-15 08:01:23.310895,True,CHOCOLATE MILKA CHOCO PAUSE 45 GR,CAJA * 96 - CHOCOLATE MILKA CHOCO PAUSE 45 GR,2.0
74174,Unidades,7896020637028,13.0,1,1,unidad,62156f91-44ba-41e3-9dfc-4a2a377c0f49,74174,c1b3653e-8b06-4f60-b6ed-1344c0616068,2025-05-15 08:01:24.703776,True,SOMBRILLA PLAYERA MOR 1.8 MT,SOMBRILLA PLAYERA MOR 1.8 MT,2.0
74174,Unidades,7896020637028,13.0,4,1,unidad,62156f91-44ba-41e3-9dfc-4a2a377c0f49,74174,cf8b9723-99c4-4ae5-9af5-2f0757819a57,2025-05-15 08:01:24.703784,True,SOMBRILLA PLAYERA MOR 1.8 MT,PACK * 4 - SOMBRILLA PLAYERA MOR 1.8 MT,2.0
40492,Unidades,7798085997935,13.0,6,1,unidad,12b52930-00af-426c-b207-18ee47cf1a65,40492,ed8d2fd9-d5d6-4ac7-a62f-5e559606894c,2025-05-15 08:01:25.627423,True,PALMITOS COINCO RODAJAS 2.92 KG,PACK * 6 - PALMITOS COINCO RODAJAS 2.92 KG,2.0
40492,Unidades,7798085997935,13.0,1,1,unidad,12b52930-00af-426c-b207-18ee47cf1a65,40492,8c0c6fc6-62b2-4eb4-b540-11120b04ecbb,2025-05-15 08:01:25.627429,True,PALMITOS COINCO RODAJAS 2.92 KG,PALMITOS COINCO RODAJAS 2.92 KG,2.0
40493,Unidades,7798085997317,13.0,6,1,unidad,b2cdccf4-3cd9-4dde-825a-a0864f3a333f,40493,934cb087-cf64-4760-971b-91a4c189c4ba,2025-05-15 08:01:25.653613,True,PALMITOS COINCO TROZADOS 2.92 KG,PACK * 6 - PALMITOS COINCO TROZADOS 2.92 KG,2.0
40493,Unidades,7798085997317,13.0,1,1,unidad,b2cdccf4-3cd9-4dde-825a-a0864f3a333f,40493,cfbde489-032e-46c3-9b82-b92bc7b09b48,2025-05-15 08:01:25.653619,True,PALMITOS COINCO TROZADOS 2.92 KG,PALMITOS COINCO TROZADOS 2.92 KG,2.0
21664,Unidades,17622201492691,14.0,96,5,unidad,4f10a3f1-e4d7-49a6-861f-66f2b92623d0,21664,6419b648-645f-4169-9ef6-231f296d7087,2025-05-15 08:01:26.103199,True,LENGUETAZO TUTTI FRUTTI 32 UNIDADES X 13 GR,CAJA * 96 - LENGUETAZO TUTTI FRUTTI 32 UNIDADES X 13 GR,2.0
70279,Unidades,7798081193249,13.0,12,1,unidad,f4515b14-df5e-4bd0-a467-451f50635ee1,70279,6c609ae9-8c4f-41d6-b462-dc2b5d866df4,2025-05-15 08:01:26.291034,True,CESTO HERALDPLAST TAPA VAIVEN 6 LT,PACK * 12 - CESTO HERALDPLAST TAPA VAIVEN 6 LT,2.0
70279,Unidades,7798081193249,13.0,1,1,unidad,f4515b14-df5e-4bd0-a467-451f50635ee1,70279,490b5645-759d-4444-ba2f-eb8fffa44570,2025-05-15 08:01:26.291042,True,CESTO HERALDPLAST TAPA VAIVEN 6 LT,CESTO HERALDPLAST TAPA VAIVEN 6 LT,2.0
70211,Unidades,7792281406031,13.0,24,1,unidad,4f19f299-d476-4850-895a-d9e7a2b80e60,70211,9f297d81-5d89-4558-b2c4-d2a9b9e677d9,2025-05-15 08:01:26.296757,True,CUCHARITAS CAROL MANGO PLASTICO 3 UN,PACK * 24 - CUCHARITAS CAROL MANGO PLASTICO 3 UN,2.0
70211,Unidades,7792281406031,13.0,1,1,unidad,4f19f299-d476-4850-895a-d9e7a2b80e60,70211,c2428937-e97d-4c09-aba0-4c2902a87f67,2025-05-15 08:01:26.296763,True,CUCHARITAS CAROL MANGO PLASTICO 3 UN,CUCHARITAS CAROL MANGO PLASTICO 3 UN,2.0
74597,Unidades,7793762006429,13.0,1,1,unidad,8f6719ac-094c-4e6e-9661-1b6b09a797ae,74597,58e67eea-c5a1-4871-b40a-81110ffef09e,2025-05-15 08:01:27.169424,True,ORGANIZ.GEMPLAST TRANSP 20L,ORGANIZ.GEMPLAST TRANSP 20L,2.0
74597,Unidades,7793762006429,13.0,12,1,unidad,8f6719ac-094c-4e6e-9661-1b6b09a797ae,74597,02da583b-e355-45fc-996f-f5d2e742139f,2025-05-15 08:01:27.169430,True,ORGANIZ.GEMPLAST TRANSP 20L,PACK * 12 - ORGANIZ.GEMPLAST TRANSP 20L,2.0
70404,Unidades,7896211840138,13.0,25,1,unidad,770daf5d-9093-4cbe-9ff1-ab0e8756800f,70404,f2255386-8e68-4ee8-8233-68eedbff99a1,2025-05-15 08:01:27.419821,True,CUCHARA SIMONAGGIO MADERA 3 UN,PACK * 25 - CUCHARA SIMONAGGIO MADERA 3 UN,2.0
70404,Unidades,7896211840138,13.0,1,1,unidad,770daf5d-9093-4cbe-9ff1-ab0e8756800f,70404,1b1c07e4-481a-466c-ae49-cfa44e3e4dcb,2025-05-15 08:01:27.419827,True,CUCHARA SIMONAGGIO MADERA 3 UN,CUCHARA SIMONAGGIO MADERA 3 UN,2.0
70606,Unidades,7790345824005,13.0,1,1,unidad,8de3840d-0791-4e0e-9387-b1c1ea829d41,70606,3b829ec3-122c-4010-ade3-2d5550171b00,2025-05-15 08:01:27.430809,True,BALDE  SAMANTA OVALADO CON ESCURRIDOR,BALDE  SAMANTA OVALADO CON ESCURRIDOR,2.0
70606,Unidades,7790345824005,13.0,6,1,unidad,8de3840d-0791-4e0e-9387-b1c1ea829d41,70606,8ff4cfcc-f0ff-43f3-b18b-28be4c34dc0c,2025-05-15 08:01:27.430819,True,BALDE  SAMANTA OVALADO CON ESCURRIDOR,PACK * 6 - BALDE  SAMANTA OVALADO CON ESCURRIDOR,2.0
70558,Unidades,7798081191436,13.0,1,1,unidad,e1a17f83-9586-43b8-9d22-69ecca58aaf5,70558,88b162eb-041b-4b73-a321-9fef40dbd4ac,2025-05-15 08:01:27.446438,True,ESCURRIDOR CENTRIFUGA HERALDPLAST,ESCURRIDOR CENTRIFUGA HERALDPLAST,2.0
70558,Unidades,7798081191436,13.0,24,1,unidad,e1a17f83-9586-43b8-9d22-69ecca58aaf5,70558,1d1e77a7-b267-447f-b6f4-a297756f5e19,2025-05-15 08:01:27.446443,True,ESCURRIDOR CENTRIFUGA HERALDPLAST,PACK * 24 - ESCURRIDOR CENTRIFUGA HERALDPLAST,2.0
53191,Unidades,07798146,8.0,1,11,unidad,7b6df997-6622-4061-836e-c930aa803e51,53191,21dd97bf-e294-4fe0-9c7a-544d4c45a83a,2025-05-15 08:01:27.752657,True,MANI CROCANTE JL SALADO 500 GR,MANI CROCANTE JL SALADO 500 GR,2.0
74343,Unidades,7791822675394,13.0,1,1,unidad,631dceb7-0ede-4c6d-ab62-f90be051d789,74343,629bfa08-cbf6-4c05-bc1a-66aa8dd1b6d0,2025-05-15 08:01:28.294012,True,ENSALADERA PRIMAVERA FLINT GRANDE,ENSALADERA PRIMAVERA FLINT GRANDE,2.0
74343,Unidades,7791822675394,13.0,8,1,unidad,631dceb7-0ede-4c6d-ab62-f90be051d789,74343,67e2477e-2fff-4394-89f3-d8941bed1a89,2025-05-15 08:01:28.294018,True,ENSALADERA PRIMAVERA FLINT GRANDE,PACK * 8 - ENSALADERA PRIMAVERA FLINT GRANDE,2.0
53193,Unidades,07798146,8.0,1,11,unidad,45e467ac-0add-4820-919d-672d7131aa64,53193,5019f652-c3f1-413e-85fd-796c73b94c3d,2025-05-15 08:01:29.298420,True,MANI CROCANTE JL QUESO 500 GR,MANI CROCANTE JL QUESO 500 GR,2.0
27523,Unidades,37792389001511,14.0,6,5,unidad,6f1458ba-34c0-4c49-9b42-4c469d4df218,27523,be1d1668-e9b1-4101-9f07-ae262428e45d,2025-05-15 08:01:30.944983,True,LAVANDINA X5 CONCENTRADA X2L,CAJA * 6 - LAVANDINA X5 CONCENTRADA X2L,2.0
27522,Unidades,17792389000329,14.0,12,5,unidad,366b19cd-b768-4a5c-9ffa-fef821cf3231,27522,67ec149b-3d16-46d7-9d77-d5a86149b5d3,2025-05-15 08:01:30.972754,True,LAVANDINA X5 CONCENTRADA X1L,CAJA * 12 - LAVANDINA X5 CONCENTRADA X1L,2.0
27320,Unidades,77798151953123,14.0,15,5,unidad,d87164ca-cd65-499b-a5e9-3991eb21a699,27320,a2681029-d023-4d4e-9955-2fd6e7d6cd38,2025-05-15 08:01:31.239806,True,MANI KING CHEF CREMA Y CEBOLLA 80GR,CAJA * 15 - MANI KING CHEF CREMA Y CEBOLLA 80GR,2.0
30313,Unidades,7898587770699,13.0,1,1,unidad,cc70459f-1108-4925-9f4b-ed5098084764,30313,235e3dcb-081c-4f27-b351-8932bc3dd5b9,2025-05-15 08:01:31.667802,True,TINTURA GARNIER COR INTENSE 7.1,TINTURA GARNIER COR INTENSE 7.1,2.0
30313,Unidades,7898587770699,13.0,6,1,unidad,cc70459f-1108-4925-9f4b-ed5098084764,30313,21a6d475-85fd-41cd-8636-89be387cbacd,2025-05-15 08:01:31.667808,True,TINTURA GARNIER COR INTENSE 7.1,PACK * 6 - TINTURA GARNIER COR INTENSE 7.1,2.0
71846,Unidades,7798182434692,13.0,3,1,unidad,fc7ca3ec-7424-485c-bd74-d86113028f1c,71846,44022e50-8744-4b34-9404-523f2641ef1d,2025-05-15 08:01:31.973742,True,GRILL ELECTRICO KANSAI BBQ1003CB 1600W,PACK * 3 - GRILL ELECTRICO KANSAI BBQ1003CB 1600W,2.0
71846,Unidades,7798182434692,13.0,1,1,unidad,fc7ca3ec-7424-485c-bd74-d86113028f1c,71846,61e0c354-f96b-40ba-990c-3a047cba83b7,2025-05-15 08:01:31.973748,True,GRILL ELECTRICO KANSAI BBQ1003CB 1600W,GRILL ELECTRICO KANSAI BBQ1003CB 1600W,2.0
40505,Unidades,7798085998000,13.0,1,1,unidad,7f6fff65-2792-4195-a624-597af3e7fa29,40505,17840ad5-f188-4803-bbbf-29001550bc0c,2025-05-15 08:01:32.617613,True,ALCAUCILES COINCO FRASCO 330 GR,ALCAUCILES COINCO FRASCO 330 GR,2.0
40505,Unidades,7798085998000,13.0,12,1,unidad,7f6fff65-2792-4195-a624-597af3e7fa29,40505,df22663b-2922-4ec5-988c-49e77e435e51,2025-05-15 08:01:32.617619,True,ALCAUCILES COINCO FRASCO 330 GR,PACK * 12 - ALCAUCILES COINCO FRASCO 330 GR,2.0
27654,Unidades,77798151953130,14.0,15,5,unidad,b69bb319-1617-430c-8346-cc954a72355d,27654,c59abf3e-40b6-42bf-8fe6-a387c7db9b6d,2025-05-15 08:01:32.672807,True,MANI KING CHEF LIMON Y PIMIENTA 80GR,CAJA * 15 - MANI KING CHEF LIMON Y PIMIENTA 80GR,2.0
72127,Unidades,7798104669805,13.0,6,1,unidad,6faa3d02-da04-40ec-811e-a7493c2af5ae,72127,114c3771-f73d-4765-8882-a91fee8af953,2025-05-15 08:01:32.870019,True,CAJA MULTIENVASE ORGANIZADORA MANDALA 9 LT,PACK * 6 - CAJA MULTIENVASE ORGANIZADORA MANDALA 9 LT,2.0
72127,Unidades,7798104669805,13.0,1,1,unidad,6faa3d02-da04-40ec-811e-a7493c2af5ae,72127,06fb9920-7615-44b1-93c9-bb5d09e57f40,2025-05-15 08:01:32.870025,True,CAJA MULTIENVASE ORGANIZADORA MANDALA 9 LT,CAJA MULTIENVASE ORGANIZADORA MANDALA 9 LT,2.0
80805,Unidades,7798081192839,13.0,15,1,unidad,d22538f5-9898-4fc3-bdd6-8ec2df743b28,80805,95402a34-fc67-4ac6-966b-5ae881d0b4b2,2025-05-15 08:01:33.107913,True,SET CONTENEDORES 1 RECT + 2 CUADRADOS HERALDPLAST,PACK * 15 - SET CONTENEDORES 1 RECT + 2 CUADRADOS HERALDPLAST,2.0
80805,Unidades,7798081192839,13.0,1,1,unidad,d22538f5-9898-4fc3-bdd6-8ec2df743b28,80805,50a6249d-2ddc-4567-8458-ed783382f8e8,2025-05-15 08:01:33.107921,True,SET CONTENEDORES 1 RECT + 2 CUADRADOS HERALDPLAST,SET CONTENEDORES 1 RECT + 2 CUADRADOS HERALDPLAST,2.0
45105,Unidades,7798108830751,13.0,1,1,unidad,57a8e961-6258-480c-9add-aaa2dc12cfa5,45105,7f40248f-584c-424b-9cc2-43b93ad5ebc2,2025-05-15 08:01:33.288662,True,VINO CALLIA MALBEC 750 ML,VINO CALLIA MALBEC 750 ML,2.0
45105,Unidades,7798108830751,13.0,6,1,unidad,57a8e961-6258-480c-9add-aaa2dc12cfa5,45105,b04a9202-6f4f-461d-80f6-f628c38172db,2025-05-15 08:01:33.288669,True,VINO CALLIA MALBEC 750 ML,PACK * 6 - VINO CALLIA MALBEC 750 ML,2.0
62221,Unidades,17798200540036,14.0,24,5,unidad,8ed44ba7-5576-4c90-840f-98baa6ea3ce1,62221,72292cea-1af6-4dad-a8b5-45fdd66394e8,2025-05-15 08:01:33.596832,True,REMERA LISA HOMBRE BL TSXL NOMINAL,CAJA * 24 - REMERA LISA HOMBRE BL TSXL NOMINAL,2.0
40062,Unidades,7798127922109,13.0,6,1,unidad,d89b32d8-0040-4a51-b07a-1d931034cca6,40062,1bf21e81-ab70-4af6-b3fb-33b8d4f97f2c,2025-05-15 08:01:33.989000,True,MORRONES SALVITA 2.5 KG,PACK * 6 - MORRONES SALVITA 2.5 KG,2.0
40062,Unidades,7798127922109,13.0,1,1,unidad,d89b32d8-0040-4a51-b07a-1d931034cca6,40062,e3b4b7a8-c462-48fe-b20c-6310044fe72f,2025-05-15 08:01:33.989006,True,MORRONES SALVITA 2.5 KG,MORRONES SALVITA 2.5 KG,2.0
72426,Unidades,7798182432513,13.0,6,1,unidad,dff42860-de34-436b-9813-8a9ffaa65242,72426,974ed92e-0d3d-4def-a063-56fb23d989e9,2025-05-15 08:01:34.296110,True,SILLA CAMPING HANZE PLEGABLE DELUXE,PACK * 6 - SILLA CAMPING HANZE PLEGABLE DELUXE,2.0
72426,Unidades,7798182432513,13.0,1,1,unidad,dff42860-de34-436b-9813-8a9ffaa65242,72426,b4dddec6-5909-4ed5-862f-a35cb1b71296,2025-05-15 08:01:34.296115,True,SILLA CAMPING HANZE PLEGABLE DELUXE,SILLA CAMPING HANZE PLEGABLE DELUXE,2.0
72429,Unidades,7798182435101,13.0,1,1,unidad,04a4ea11-2cf7-40a9-a467-6163ad38f41e,72429,f8091041-429a-48b4-9360-3c0b949fe79c,2025-05-15 08:01:34.352158,True,REPOSERA OKEY 4 POSICIONES GRIS,REPOSERA OKEY 4 POSICIONES GRIS,2.0
72429,Unidades,7798182435101,13.0,28,1,unidad,04a4ea11-2cf7-40a9-a467-6163ad38f41e,72429,17fe1041-d359-4050-9288-1a12d3bdde23,2025-05-15 08:01:34.352164,True,REPOSERA OKEY 4 POSICIONES GRIS,PACK * 28 - REPOSERA OKEY 4 POSICIONES GRIS,2.0
70403,Unidades,7896211840237,13.0,25,1,unidad,b59f524d-d3fc-46e3-b432-810a327e8d69,70403,1fc420f6-91d5-44e5-bf41-419dd0911b97,2025-05-15 08:01:34.702576,True,TENEDORES SIMONAGGIO MADERA 3 UN,PACK * 25 - TENEDORES SIMONAGGIO MADERA 3 UN,2.0
70403,Unidades,7896211840237,13.0,1,1,unidad,b59f524d-d3fc-46e3-b432-810a327e8d69,70403,fe99df9e-40c3-498e-97bb-9fec74742830,2025-05-15 08:01:34.702582,True,TENEDORES SIMONAGGIO MADERA 3 UN,TENEDORES SIMONAGGIO MADERA 3 UN,2.0
72592,Unidades,7798122245821,13.0,1,1,unidad,efb7c355-0904-4e05-9781-aee71ea78c84,72592,dcd5b53a-16f2-4e8e-b659-9d71cc252bcd,2025-05-15 08:01:35.110326,True,BICICLETA MTB R29 LYNCE ALUM SHIMANO DISCO SUSP. GRIS G,BICICLETA MTB R29 LYNCE ALUM SHIMANO DISCO SUSP. GRIS G,2.0
21810,Unidades,7790560002349,13.0,1,1,unidad,f6c7ad69-ff74-4bfa-88cb-ccc2b6543b97,21810,4884b421-4ec6-4cd1-a66f-6a570f55e4c4,2025-05-15 08:01:35.486163,True,SET DE LIMPIEZA LIMPEX PRO,SET DE LIMPIEZA LIMPEX PRO,2.0
21810,Unidades,7790560002349,13.0,4,1,unidad,f6c7ad69-ff74-4bfa-88cb-ccc2b6543b97,21810,e11b6daa-e6a8-46f2-8f88-18e9159b5855,2025-05-15 08:01:35.486169,True,SET DE LIMPIEZA LIMPEX PRO,PACK * 4 - SET DE LIMPIEZA LIMPEX PRO,2.0
45674,Unidades,736372259387,12.0,1,2,unidad,ca515349-441c-4985-9dab-751d2e135389,45674,8f0e0725-970a-4316-aa02-b154066289e9,2025-05-15 08:01:36.424307,True,COOLER BAG PLEGABLE 50LT,COOLER BAG PLEGABLE 50LT,2.0
45674,Unidades,736372259387,12.0,6,2,unidad,ca515349-441c-4985-9dab-751d2e135389,45674,8f28b84e-addf-4b29-bec6-3a2996bc7be7,2025-05-15 08:01:36.424313,True,COOLER BAG PLEGABLE 50LT,COOLER BAG PLEGABLE 50LT,2.0
72676,Unidades,7798081285388,13.0,1,1,unidad,ae619b39-4099-4e1f-9ba5-b274ec33cb86,72676,671f87c3-2c5c-4c8a-81eb-bd2e5f78912b,2025-05-15 08:01:37.265377,True,BATIDORA DE MANO SMARTLIFE 350W HM1035PN,BATIDORA DE MANO SMARTLIFE 350W HM1035PN,2.0
72676,Unidades,7798081285388,13.0,4,1,unidad,ae619b39-4099-4e1f-9ba5-b274ec33cb86,72676,c52f46d6-92ef-4474-abf3-8e66f34ca0ca,2025-05-15 08:01:37.265384,True,BATIDORA DE MANO SMARTLIFE 350W HM1035PN,PACK * 4 - BATIDORA DE MANO SMARTLIFE 350W HM1035PN,2.0
72834,Unidades,7798122245821,13.0,1,1,unidad,3cb86bd5-cd94-44fc-88f2-07cc3237e050,72834,d738a4f6-4ba3-47a6-bcbc-219a69a11695,2025-05-15 08:01:37.971708,True,BICICLETA MTB R29 LYNCE ALUM SHIMANO DISCO SUSP. AZUL,BICICLETA MTB R29 LYNCE ALUM SHIMANO DISCO SUSP. AZUL,2.0
72177,Unidades,7792281420242,13.0,1,1,unidad,fd8d58a4-e923-4fe3-a015-95c5bf79d59f,72177,f67e737a-17ad-46d9-9609-e6b3a7c5e6ba,2025-05-15 08:01:38.029407,True,JUEGO DE CUBIERTOS CAROL FUSION NEGRO X24,JUEGO DE CUBIERTOS CAROL FUSION NEGRO X24,2.0
72177,Unidades,7792281420242,13.0,4,1,unidad,fd8d58a4-e923-4fe3-a015-95c5bf79d59f,72177,f8bb91f6-eb70-4c76-ad56-c46a1cd13c5e,2025-05-15 08:01:38.029412,True,JUEGO DE CUBIERTOS CAROL FUSION NEGRO X24,PACK * 4 - JUEGO DE CUBIERTOS CAROL FUSION NEGRO X24,2.0
70282,Unidades,7798081190965,13.0,12,1,unidad,db7c5693-25c0-4527-a155-168cd11de5b9,70282,de22c627-46fb-46f6-824c-bd1056995676,2025-05-15 08:01:39.028967,True,CONTENEDOR HERALDPLAST TAPA A ROSCA 2.5 LT,PACK * 12 - CONTENEDOR HERALDPLAST TAPA A ROSCA 2.5 LT,2.0
70282,Unidades,7798081190965,13.0,1,1,unidad,db7c5693-25c0-4527-a155-168cd11de5b9,70282,9cce51ef-3e58-421a-bc2e-264981bf2362,2025-05-15 08:01:39.028976,True,CONTENEDOR HERALDPLAST TAPA A ROSCA 2.5 LT,CONTENEDOR HERALDPLAST TAPA A ROSCA 2.5 LT,2.0
70208,Unidades,7792281410038,13.0,1,1,unidad,f803062c-3327-4dba-8232-447ecb56eb76,70208,a62eb1f3-4e75-401a-af5c-72ae0c2bbdb6,2025-05-15 08:01:40.309899,True,CUCHILLO CAROL MANGO PLASTICO NEGRO 3 UN,CUCHILLO CAROL MANGO PLASTICO NEGRO 3 UN,2.0
70208,Unidades,7792281410038,13.0,24,1,unidad,f803062c-3327-4dba-8232-447ecb56eb76,70208,d8ca5578-a0e3-4ff5-a897-8d5151a19969,2025-05-15 08:01:40.309905,True,CUCHILLO CAROL MANGO PLASTICO NEGRO 3 UN,PACK * 24 - CUCHILLO CAROL MANGO PLASTICO NEGRO 3 UN,2.0
86924,Unidades,7798081192150,13.0,12,1,unidad,2a56e8a1-0c77-4dcb-a26c-e48b3a7efc90,86924,10962e88-f2c0-4b46-8847-cfd175700ce0,2025-05-15 08:01:40.329020,True,CAJA HERALDPLAST MULTIFUNCION 5 LT TAPA BISAGRA,PACK * 12 - CAJA HERALDPLAST MULTIFUNCION 5 LT TAPA BISAGRA,2.0
86924,Unidades,7798081192150,13.0,1,1,unidad,2a56e8a1-0c77-4dcb-a26c-e48b3a7efc90,86924,dd03fc06-230d-4333-bfb4-5f79b69c45c0,2025-05-15 08:01:40.329026,True,CAJA HERALDPLAST MULTIFUNCION 5 LT TAPA BISAGRA,CAJA HERALDPLAST MULTIFUNCION 5 LT TAPA BISAGRA,2.0
72434,Unidades,7798182435118,13.0,28,1,unidad,22667510-5ed3-4def-b70f-f7d58f885cfa,72434,fe0f8116-8cb8-48db-a7db-c44837aaeb6d,2025-05-15 08:01:40.513962,True,REPOSERA OKEY 4 POSICIONES NEGRA,PACK * 28 - REPOSERA OKEY 4 POSICIONES NEGRA,2.0
72434,Unidades,7798182435118,13.0,1,1,unidad,22667510-5ed3-4def-b70f-f7d58f885cfa,72434,d05e1170-1931-499a-9150-81a7ede67473,2025-05-15 08:01:40.513971,True,REPOSERA OKEY 4 POSICIONES NEGRA,REPOSERA OKEY 4 POSICIONES NEGRA,2.0
77207,Unidades,7798081192297,13.0,12,1,unidad,ce81dfc5-d397-4f9e-97c3-aa675b828727,77207,52b7b223-7b6f-4994-93e3-5177a8c15d95,2025-05-15 08:01:41.109017,True,CESTO HERALDPLAST PAPELERO PLASTICO,PACK * 12 - CESTO HERALDPLAST PAPELERO PLASTICO,2.0
77207,Unidades,7798081192297,13.0,1,1,unidad,ce81dfc5-d397-4f9e-97c3-aa675b828727,77207,d669c876-f868-4f86-8ca2-b8845b6deeee,2025-05-15 08:01:41.109023,True,CESTO HERALDPLAST PAPELERO PLASTICO,CESTO HERALDPLAST PAPELERO PLASTICO,2.0
74809,Unidades,7702147236955,13.0,24,1,unidad,c4124043-1abf-46fc-8e41-d9f4e1f94094,74809,cac35674-9e20-4cf2-ae91-6e4ed0dcfb2c,2025-05-15 08:01:41.171886,True,COPA VERSALLES AGUA 300,PACK * 24 - COPA VERSALLES AGUA 300,2.0
76170,Unidades,7798038312716,13.0,1,1,unidad,7cced5b1-796d-4a71-81c8-9c4d3340195f,76170,b8b27891-360d-4f29-8271-58bd640347b0,2025-05-15 08:01:41.193480,True,TETINA SILICONA DISPITA 4 UN,TETINA SILICONA DISPITA 4 UN,2.0
76170,Unidades,7798038312716,13.0,24,1,unidad,7cced5b1-796d-4a71-81c8-9c4d3340195f,76170,12124fe2-ed24-435b-a2dc-139f9659ad08,2025-05-15 08:01:41.193486,True,TETINA SILICONA DISPITA 4 UN,PACK * 24 - TETINA SILICONA DISPITA 4 UN,2.0
76064,Unidades,7798104662790,13.0,12,1,unidad,1cca7be8-c171-4e3f-97ec-58ea990b8655,76064,51d10ee5-6b0e-4040-b96b-865b3a8da98b,2025-05-15 08:01:41.541628,True,CANASTO MULTIENVASE ROPA RECTANGULAR 35L,PACK * 12 - CANASTO MULTIENVASE ROPA RECTANGULAR 35L,2.0
76064,Unidades,7798104662790,13.0,1,1,unidad,1cca7be8-c171-4e3f-97ec-58ea990b8655,76064,a55a2f7f-42b4-4607-8e83-ab0a589a5624,2025-05-15 08:01:41.541634,True,CANASTO MULTIENVASE ROPA RECTANGULAR 35L,CANASTO MULTIENVASE ROPA RECTANGULAR 35L,2.0
80154,Unidades,4893108015955,13.0,8,1,unidad,c842457d-b30f-443a-973d-85c715244917,80154,950fdb04-d30c-4a49-bb88-a539c5b0fe9d,2025-05-15 08:01:41.813357,True,TERMO BOMBA ACERO INOXIDABLE 1.9 LT,PACK * 8 - TERMO BOMBA ACERO INOXIDABLE 1.9 LT,2.0
80154,Unidades,4893108015955,13.0,1,1,unidad,c842457d-b30f-443a-973d-85c715244917,80154,36bf4ed1-62b7-4601-899c-632d6737fe7b,2025-05-15 08:01:41.813365,True,TERMO BOMBA ACERO INOXIDABLE 1.9 LT,TERMO BOMBA ACERO INOXIDABLE 1.9 LT,2.0
80808,Unidades,7798081193348,13.0,1,1,unidad,61e389d5-4ce4-4ccb-bbc9-2133669459f9,80808,41bb1999-f362-417e-8be4-4e8f448c1e05,2025-05-15 08:01:42.194301,True,COLADOR TUTTI HERALDPLAST,COLADOR TUTTI HERALDPLAST,2.0
80808,Unidades,7798081193348,13.0,12,1,unidad,61e389d5-4ce4-4ccb-bbc9-2133669459f9,80808,643f829a-b88a-46f3-9cf5-cfafedd82839,2025-05-15 08:01:42.194307,True,COLADOR TUTTI HERALDPLAST,PACK * 12 - COLADOR TUTTI HERALDPLAST,2.0
80807,Unidades,7798081192815,13.0,1,1,unidad,be404e20-9d68-4684-aa67-7b8fab913af4,80807,c8fd14be-1477-42fc-9a06-267b1f884bad,2025-05-15 08:01:42.737029,True,CONTENEDOR HERALDPLAST RECTANGULAR 4 U,CONTENEDOR HERALDPLAST RECTANGULAR 4 U,2.0
80807,Unidades,7798081192815,13.0,6,1,unidad,be404e20-9d68-4684-aa67-7b8fab913af4,80807,04a35ff1-acbb-4a72-8df3-170ce5c5fe42,2025-05-15 08:01:42.737034,True,CONTENEDOR HERALDPLAST RECTANGULAR 4 U,PACK * 6 - CONTENEDOR HERALDPLAST RECTANGULAR 4 U,2.0
74518,Unidades,7798081191658,13.0,25,1,unidad,3785af7a-381b-493c-8eb8-07037945f842,74518,7d6f5c69-6447-4c78-b903-08fc0e2153af,2025-05-15 08:01:42.892809,True,BALDE HERALDPLAST PLASTICO ECOLOGICO 10 LT,PACK * 25 - BALDE HERALDPLAST PLASTICO ECOLOGICO 10 LT,2.0
74518,Unidades,7798081191658,13.0,1,1,unidad,3785af7a-381b-493c-8eb8-07037945f842,74518,9344eb04-6bc1-4992-8b5d-8db334c9575f,2025-05-15 08:01:42.892814,True,BALDE HERALDPLAST PLASTICO ECOLOGICO 10 LT,BALDE HERALDPLAST PLASTICO ECOLOGICO 10 LT,2.0
80235,Unidades,4893108007271,13.0,10,1,unidad,9538abd0-dd73-4413-9969-d9d713612396,80235,cadf6fd8-87df-47c2-9703-610700508840,2025-05-15 08:01:43.082823,True,CAZUELA PORCELANA 9 CM,PACK * 10 - CAZUELA PORCELANA 9 CM,2.0
80235,Unidades,4893108007271,13.0,1,1,unidad,9538abd0-dd73-4413-9969-d9d713612396,80235,afd261ad-c7ec-4103-9b6b-51f9de843e22,2025-05-15 08:01:43.082829,True,CAZUELA PORCELANA 9 CM,CAZUELA PORCELANA 9 CM,2.0
86175,Unidades,7796962981725,13.0,3,1,unidad,5346ed74-18d9-4e5e-91eb-3904b69a4fcf,86175,21c3720c-6365-4351-9a9c-343465df84fd,2025-05-15 08:01:43.344046,True,ESTUFA HALOGENA PHILCO 1800W 3 VELAS PHCU18T1N,PACK * 3 - ESTUFA HALOGENA PHILCO 1800W 3 VELAS PHCU18T1N,2.0
86175,Unidades,7796962981725,13.0,1,1,unidad,5346ed74-18d9-4e5e-91eb-3904b69a4fcf,86175,b5e86346-c278-4cf9-b4f2-3643a6be4875,2025-05-15 08:01:43.344054,True,ESTUFA HALOGENA PHILCO 1800W 3 VELAS PHCU18T1N,ESTUFA HALOGENA PHILCO 1800W 3 VELAS PHCU18T1N,2.0
80223,Unidades,7891361713646,13.0,24,1,unidad,aa6f9451-7205-44dc-aa4b-c0ba702d33e4,80223,174c1834-73ca-463f-b7db-92d3584404b6,2025-05-15 08:01:43.799144,True,PLATO OXFORD PLAYO PORCELANA BLANCA 25CM,PACK * 24 - PLATO OXFORD PLAYO PORCELANA BLANCA 25CM,2.0
80223,Unidades,7891361713646,13.0,1,1,unidad,aa6f9451-7205-44dc-aa4b-c0ba702d33e4,80223,6bb6eb1b-7779-4015-9377-6e692f1e507d,2025-05-15 08:01:43.799150,True,PLATO OXFORD PLAYO PORCELANA BLANCA 25CM,PLATO OXFORD PLAYO PORCELANA BLANCA 25CM,2.0
9302,Unidades,7793893001973,13.0,14,1,unidad,9ec21c00-8135-45b4-82cf-db68389f4c8c,9302,d53325ca-a028-4a68-a496-dca3c1645e34,2025-05-15 08:01:44.288397,True,SALAMIN PICADO FINO PIAMONTESA 150 GR,PACK * 14 - SALAMIN PICADO FINO PIAMONTESA 150 GR,2.0
9302,Unidades,7793893001973,13.0,1,1,unidad,9ec21c00-8135-45b4-82cf-db68389f4c8c,9302,edc652f6-eb6a-49a4-a181-6ec415aaaca9,2025-05-15 08:01:44.288405,True,SALAMIN PICADO FINO PIAMONTESA 150 GR,SALAMIN PICADO FINO PIAMONTESA 150 GR,2.0
86642,Unidades,7796399000082,13.0,1,1,unidad,b97caa34-5994-4d06-af5a-8707fd872183,86642,4d721e0c-200a-4e01-ade5-47cd9914c99c,2025-05-15 08:01:44.320732,True,REVIVIDOR SILISUR PARA GOMAS GATILLO 1 LTS,REVIVIDOR SILISUR PARA GOMAS GATILLO 1 LTS,2.0
86642,Unidades,7796399000082,13.0,6,1,unidad,b97caa34-5994-4d06-af5a-8707fd872183,86642,4a613d17-5686-46f4-9ecd-48d1e8556df0,2025-05-15 08:01:44.320740,True,REVIVIDOR SILISUR PARA GOMAS GATILLO 1 LTS,PACK * 6 - REVIVIDOR SILISUR PARA GOMAS GATILLO 1 LTS,2.0
84300,Unidades,7795168001268,13.0,1,1,unidad,92bd0478-1cbb-4da5-a4c6-08b82d9338ba,84300,608699a0-1c23-4f02-bcbc-64a3b33ed8eb,2025-05-15 08:01:44.755273,True,CABALLO SALTARIN TURBY TOYS,CABALLO SALTARIN TURBY TOYS,2.0
84300,Unidades,7795168001268,13.0,3,1,unidad,92bd0478-1cbb-4da5-a4c6-08b82d9338ba,84300,dc36f367-e99a-4f3a-befb-d74e8962197e,2025-05-15 08:01:44.755279,True,CABALLO SALTARIN TURBY TOYS,PACK * 3 - CABALLO SALTARIN TURBY TOYS,2.0
7872,Unidades,7790787003501,13.0,1,1,unidad,2ef47f07-b74c-431e-ba5f-7ab96e2b5549,7872,4df620b0-6c88-47f0-9e96-8917b5d443a4,2025-05-15 08:01:44.905301,True,QUESO UNTABLE ILOLAY CON FOLICO Y ZN 290 GR,QUESO UNTABLE ILOLAY CON FOLICO Y ZN 290 GR,2.0
7872,Unidades,7790787003501,13.0,12,1,unidad,2ef47f07-b74c-431e-ba5f-7ab96e2b5549,7872,d9b95edb-b74e-4c24-9d64-1ad57efd323e,2025-05-15 08:01:44.905307,True,QUESO UNTABLE ILOLAY CON FOLICO Y ZN 290 GR,PACK * 12 - QUESO UNTABLE ILOLAY CON FOLICO Y ZN 290 GR,2.0
7145,Unidades,7794990878932,13.0,1,1,unidad,e142681c-13c6-4d44-82e4-145879726afe,7145,0d378861-f211-4e9e-8241-800a8b148f22,2025-05-15 08:01:45.717379,True,QUESO UNTABLE LA PAULINA 190 GR,QUESO UNTABLE LA PAULINA 190 GR,2.0
7145,Unidades,7794990878932,13.0,12,1,unidad,e142681c-13c6-4d44-82e4-145879726afe,7145,957c049b-dba6-4bc4-b202-db192914f4b4,2025-05-15 08:01:45.717389,True,QUESO UNTABLE LA PAULINA 190 GR,PACK * 12 - QUESO UNTABLE LA PAULINA 190 GR,2.0
2766,Unidades,7797906000984,13.0,1,1,unidad,e1e9ed12-ed5e-43ce-98b4-0cdd62013d0e,2766,5e379944-9edd-442e-9c71-2aec727888b8,2025-05-15 08:01:46.662367,True,PAPAS MC CAIN NOISETTES CONGELADAS 2.5 KG,PAPAS MC CAIN NOISETTES CONGELADAS 2.5 KG,2.0
2766,Unidades,7797906000984,13.0,4,1,unidad,e1e9ed12-ed5e-43ce-98b4-0cdd62013d0e,2766,84f9b63a-e3d7-44ab-9e6f-4411c652aa44,2025-05-15 08:01:46.662372,True,PAPAS MC CAIN NOISETTES CONGELADAS 2.5 KG,PACK * 4 - PAPAS MC CAIN NOISETTES CONGELADAS 2.5 KG,2.0
2768,Unidades,7797906001004,13.0,18,1,unidad,a650131f-5332-4fb5-9520-57e8d635db1b,2768,aae94a4d-7069-48db-9e53-8256cca4307c,2025-05-15 08:01:46.677045,True,PAPAS MC CAIN NOISETTES CONGELADAS 500 GR,PACK * 18 - PAPAS MC CAIN NOISETTES CONGELADAS 500 GR,2.0
2768,Unidades,7797906001004,13.0,1,1,unidad,a650131f-5332-4fb5-9520-57e8d635db1b,2768,3bdc80d6-3ebf-4e98-9fea-47cd177b93c2,2025-05-15 08:01:46.677050,True,PAPAS MC CAIN NOISETTES CONGELADAS 500 GR,PAPAS MC CAIN NOISETTES CONGELADAS 500 GR,2.0
6328,Unidades,17792389000329,14.0,12,5,unidad,4dd4740d-0eba-49cc-b7fa-658e10884adb,6328,b96e7182-62a7-4d45-8ada-f9f4bfe626fd,2025-05-15 08:01:46.739337,True,LAVANDINA X5 COMUN X1L,CAJA * 12 - LAVANDINA X5 COMUN X1L,2.0
86630,Unidades,7796399000129,13.0,6,1,unidad,6c4aaf63-1028-48f8-a82a-4b4795d480aa,86630,96fd48dc-9de2-45ea-a9c9-e4a144c1b6fa,2025-05-15 08:01:46.780662,True,LIMPIATAPIZADOS SILISUR GATILLO 1 LT,PACK * 6 - LIMPIATAPIZADOS SILISUR GATILLO 1 LT,2.0
86630,Unidades,7796399000129,13.0,1,1,unidad,6c4aaf63-1028-48f8-a82a-4b4795d480aa,86630,dc879f1b-7587-4b54-9ca3-c059358c4e64,2025-05-15 08:01:46.780668,True,LIMPIATAPIZADOS SILISUR GATILLO 1 LT,LIMPIATAPIZADOS SILISUR GATILLO 1 LT,2.0
8947,Unidades,7794520000826,13.0,1,1,unidad,e9698588-ab50-4e10-8656-814aa8a23897,8947,f25e566f-f1f6-4a95-aa85-00a791467114,2025-05-15 08:01:46.874799,True,PAPAS FRITAS KRACHITOS CHEDDAR 330 GR,PAPAS FRITAS KRACHITOS CHEDDAR 330 GR,2.0
8947,Unidades,7794520000826,13.0,10,1,unidad,e9698588-ab50-4e10-8656-814aa8a23897,8947,ef4c5824-15fa-464e-bf2d-f85fc784cfce,2025-05-15 08:01:46.874805,True,PAPAS FRITAS KRACHITOS CHEDDAR 330 GR,PACK * 10 - PAPAS FRITAS KRACHITOS CHEDDAR 330 GR,2.0
12454,Unidades,7798167310089,13.0,1,1,unidad,629c446e-cca0-4a4f-98bd-8ce584abd3a9,12454,046a5d6a-f2ae-4a5a-8568-066e1f4b63cd,2025-05-15 08:01:47.168298,True,DULCE ARCO DE ORO BATATA LATA 5 KG,DULCE ARCO DE ORO BATATA LATA 5 KG,2.0
12454,Unidades,7798167310089,13.0,4,1,unidad,629c446e-cca0-4a4f-98bd-8ce584abd3a9,12454,b0d60cb7-7f59-41de-b4b2-49074506a450,2025-05-15 08:01:47.168306,True,DULCE ARCO DE ORO BATATA LATA 5 KG,PACK * 4 - DULCE ARCO DE ORO BATATA LATA 5 KG,2.0
2764,Unidades,7797906000526,13.0,1,1,unidad,6fb6edad-f6d6-421a-b202-41301d9b0624,2764,60e71523-af6a-4170-ac48-91f0e1a323e9,2025-05-15 08:01:47.689910,True,PAPAS MC CAIN TRADICIONAL CONGELADAS 2.5 KG,PAPAS MC CAIN TRADICIONAL CONGELADAS 2.5 KG,2.0
2764,Unidades,7797906000526,13.0,6,1,unidad,6fb6edad-f6d6-421a-b202-41301d9b0624,2764,cf659e87-fa7c-4ae0-96ba-2d55b8ccde00,2025-05-15 08:01:47.689916,True,PAPAS MC CAIN TRADICIONAL CONGELADAS 2.5 KG,PACK * 6 - PAPAS MC CAIN TRADICIONAL CONGELADAS 2.5 KG,2.0
8544,Unidades,7793893001997,13.0,1,1,unidad,bd0187b8-6e18-4b8d-9b90-c6ff17039030,8544,24668b19-c422-4745-bbbe-34fc97491f7e,2025-05-15 08:01:49.046651,True,MORTADELA PIAMONTESA 300 GR,MORTADELA PIAMONTESA 300 GR,2.0
8544,Unidades,7793893001997,13.0,10,1,unidad,bd0187b8-6e18-4b8d-9b90-c6ff17039030,8544,edceff14-60e7-4f17-80d3-c5ba098a846e,2025-05-15 08:01:49.046657,True,MORTADELA PIAMONTESA 300 GR,PACK * 10 - MORTADELA PIAMONTESA 300 GR,2.0
12359,Unidades,7792340000118,13.0,1,1,unidad,faf67645-a2f4-44c8-827e-75a686a42368,12359,cc5a85e0-7109-4a2c-92f8-ca2480a471dc,2025-05-15 08:01:49.273383,True,CEBOLLITAS MERIDIANO FRASCO 330 GR,CEBOLLITAS MERIDIANO FRASCO 330 GR,2.0
12359,Unidades,7792340000118,13.0,12,1,unidad,faf67645-a2f4-44c8-827e-75a686a42368,12359,55c10009-9f56-4ef3-bc6c-99ee297e1eab,2025-05-15 08:01:49.273390,True,CEBOLLITAS MERIDIANO FRASCO 330 GR,PACK * 12 - CEBOLLITAS MERIDIANO FRASCO 330 GR,2.0
12342,Unidades,7790503198351,13.0,1,1,unidad,f68a034b-fdab-4295-a5c2-92c5303fdb37,12342,297ee0f0-295b-4ded-be37-5898f10ea437,2025-05-15 08:01:49.779558,True,ARROZ DOS HERMANOS LARGO FINO 00000  500 GR,ARROZ DOS HERMANOS LARGO FINO 00000  500 GR,2.0
12342,Unidades,7790503198351,13.0,10,1,unidad,f68a034b-fdab-4295-a5c2-92c5303fdb37,12342,460bbafd-3e55-4314-a5ca-6f1eb41aea07,2025-05-15 08:01:49.779566,True,ARROZ DOS HERMANOS LARGO FINO 00000  500 GR,PACK * 10 - ARROZ DOS HERMANOS LARGO FINO 00000  500 GR,2.0
5373,Unidades,7791274000485,13.0,12,1,unidad,efca610a-bd9c-4510-904d-aa38b9cd3d4b,5373,bc73d364-2d0d-4c20-9528-aad9938ffbff,2025-05-15 08:01:49.836731,True,JABON LIQUIDO ALGABO CREMOSO,PACK * 12 - JABON LIQUIDO ALGABO CREMOSO,2.0
5373,Unidades,7791274000485,13.0,1,1,unidad,efca610a-bd9c-4510-904d-aa38b9cd3d4b,5373,7e8444be-1522-487a-8d77-7a9d844fde01,2025-05-15 08:01:49.836737,True,JABON LIQUIDO ALGABO CREMOSO,JABON LIQUIDO ALGABO CREMOSO,2.0
6521,Unidades,7790345176005,13.0,1,1,unidad,504ad31f-d73c-4b08-9b73-07201b80a5ef,6521,1f933070-c9cf-4b44-a116-6e7a77a819d5,2025-05-15 08:01:50.226156,True,SECADOR DE PISO SAMANTHA TWIN 34 CM,SECADOR DE PISO SAMANTHA TWIN 34 CM,2.0
6521,Unidades,7790345176005,13.0,12,1,unidad,504ad31f-d73c-4b08-9b73-07201b80a5ef,6521,b97574f4-a078-42f2-ba65-6eaede19b2a0,2025-05-15 08:01:50.226165,True,SECADOR DE PISO SAMANTHA TWIN 34 CM,PACK * 12 - SECADOR DE PISO SAMANTHA TWIN 34 CM,2.0
74546,Unidades,7798081192846,13.0,25,1,unidad,a6d514b3-03e5-4bfe-94c6-9f5ea5d4973a,74546,2e37b51e-56f5-48da-8132-109ce73931d1,2025-05-15 08:01:50.616136,True,BALDE HERALDPLAST DOS PICOS 8 LT,PACK * 25 - BALDE HERALDPLAST DOS PICOS 8 LT,2.0
74546,Unidades,7798081192846,13.0,1,1,unidad,a6d514b3-03e5-4bfe-94c6-9f5ea5d4973a,74546,ce2a00b6-0790-49c1-b995-8dd8dc311c90,2025-05-15 08:01:50.616141,True,BALDE HERALDPLAST DOS PICOS 8 LT,BALDE HERALDPLAST DOS PICOS 8 LT,2.0
86641,Unidades,7796399000563,13.0,1,1,unidad,47c790ff-e234-446b-8e37-97e59eb2a3d3,86641,f23bdd6f-6e8a-434c-99b8-eafcdd48f0c9,2025-05-15 08:01:50.781435,True,SHAMPOO SILISUR LAVAAUTOS SILICONADO 600 CC,SHAMPOO SILISUR LAVAAUTOS SILICONADO 600 CC,2.0
86641,Unidades,7796399000563,13.0,12,1,unidad,47c790ff-e234-446b-8e37-97e59eb2a3d3,86641,f2659b59-e305-458b-8c5a-8fa6623f8474,2025-05-15 08:01:50.781442,True,SHAMPOO SILISUR LAVAAUTOS SILICONADO 600 CC,PACK * 12 - SHAMPOO SILISUR LAVAAUTOS SILICONADO 600 CC,2.0
86639,Unidades,7796399506843,13.0,1,1,unidad,181a54a3-6976-4ba7-b2b8-be54db042027,86639,54293fda-5ec9-4c17-b2e4-05cd082d3895,2025-05-15 08:01:51.493797,True,INFLASELLA NEUMATICOS SILISUR 300G,INFLASELLA NEUMATICOS SILISUR 300G,2.0
86639,Unidades,7796399506843,13.0,12,1,unidad,181a54a3-6976-4ba7-b2b8-be54db042027,86639,ee66f3a9-324c-4891-becd-cf5487f77498,2025-05-15 08:01:51.493806,True,INFLASELLA NEUMATICOS SILISUR 300G,PACK * 12 - INFLASELLA NEUMATICOS SILISUR 300G,2.0
72674,Unidades,7798081285371,13.0,4,1,unidad,92920fe5-9960-4572-9f1a-74b1b415d3b8,72674,3346c658-4a3e-46e2-b353-9d640c56d8e9,2025-05-15 08:01:52.326449,True,MIXER SMARTLIFE 600W VAR.METALICA CVASO MEDIDOR SM6038W,PACK * 4 - MIXER SMARTLIFE 600W VAR.METALICA CVASO MEDIDOR SM6038W,2.0
72674,Unidades,7798081285371,13.0,1,1,unidad,92920fe5-9960-4572-9f1a-74b1b415d3b8,72674,fd3f8b14-a227-4747-94b1-df306f809c44,2025-05-15 08:01:52.326455,True,MIXER SMARTLIFE 600W VAR.METALICA CVASO MEDIDOR SM6038W,MIXER SMARTLIFE 600W VAR.METALICA CVASO MEDIDOR SM6038W,2.0
86629,Unidades,7796399506782,13.0,12,1,unidad,68b61434-d5d4-481b-921c-ababec3f54a1,86629,efc2ef5a-b095-44d4-836b-d71b6f589510,2025-05-15 08:01:52.506643,True,SILICONA SILISUR 350 GRS MULTIUSO AEROSOL,PACK * 12 - SILICONA SILISUR 350 GRS MULTIUSO AEROSOL,2.0
86629,Unidades,7796399506782,13.0,1,1,unidad,68b61434-d5d4-481b-921c-ababec3f54a1,86629,ef97d61d-5144-4a14-9332-4077498d8266,2025-05-15 08:01:52.506650,True,SILICONA SILISUR 350 GRS MULTIUSO AEROSOL,SILICONA SILISUR 350 GRS MULTIUSO AEROSOL,2.0
86643,Unidades,7796399506447,13.0,1,1,unidad,8b78d877-1934-4deb-98b7-74194f91730a,86643,f3df5374-6eaa-4178-add2-c7ebc883e47e,2025-05-15 08:01:52.543056,True,LAVAPARABRISAS SILISUR 5 LT,LAVAPARABRISAS SILISUR 5 LT,2.0
86643,Unidades,7796399506447,13.0,2,1,unidad,8b78d877-1934-4deb-98b7-74194f91730a,86643,9fb6f340-a3bc-47fe-8f6f-b7f8d9f1fdf4,2025-05-15 08:01:52.543062,True,LAVAPARABRISAS SILISUR 5 LT,PACK * 2 - LAVAPARABRISAS SILISUR 5 LT,2.0
1955,Unidades,7792280000377,13.0,1,1,unidad,4c4b57ed-e50f-4d40-9dda-f97639d0ff31,1955,fbc541e4-07c2-4c39-a83d-50381b6313af,2025-05-15 08:01:52.592523,True,TE CACHAMAI MANZANILLA 20 SAQUITOS ENSOBRADOS,TE CACHAMAI MANZANILLA 20 SAQUITOS ENSOBRADOS,2.0
1955,Unidades,7792280000377,13.0,6,1,unidad,4c4b57ed-e50f-4d40-9dda-f97639d0ff31,1955,099bfc25-5804-411e-861c-23d48731cc0d,2025-05-15 08:01:52.592539,True,TE CACHAMAI MANZANILLA 20 SAQUITOS ENSOBRADOS,PACK * 6 - TE CACHAMAI MANZANILLA 20 SAQUITOS ENSOBRADOS,2.0
15152,Unidades,7790117000347,13.0,1,1,unidad,6aaff1c4-a0bc-4ada-b796-dad78ab8d6e0,15152,497e5e4c-f15a-4ed3-94c2-2ac062278749,2025-05-15 08:01:52.816394,True,BOLSA DE RESIDUOS ASURIN 80X110 10 UN,BOLSA DE RESIDUOS ASURIN 80X110 10 UN,2.0
15152,Unidades,7790117000347,13.0,20,1,unidad,6aaff1c4-a0bc-4ada-b796-dad78ab8d6e0,15152,6e6e861d-c9ac-4271-9241-2e689c7a569f,2025-05-15 08:01:52.816399,True,BOLSA DE RESIDUOS ASURIN 80X110 10 UN,PACK * 20 - BOLSA DE RESIDUOS ASURIN 80X110 10 UN,2.0
23473,Unidades,17792180142129,14.0,9,5,unidad,142a1f1f-6adb-491c-b681-c819074daa6e,23473,8cc3e11a-1c7c-4a02-9c26-3ead0537f27c,2025-05-15 08:01:53.175244,True,PIZZA MOZZARELLA MEDIA MASA PIETRO X 1UN,CAJA * 9 - PIZZA MOZZARELLA MEDIA MASA PIETRO X 1UN,2.0
27552,Unidades,17790787172563,14.0,12,5,unidad,1a045c1b-3965-439d-8e7a-97903dd78a26,27552,200ebef3-5338-4080-adc3-e9e8817886a8,2025-05-15 08:01:54.489922,True,LECHE CHOCOLATADA ILOLAY KIDS 1 LT,CAJA * 12 - LECHE CHOCOLATADA ILOLAY KIDS 1 LT,2.0
80804,Unidades,7798104669393,13.0,1,1,unidad,fc556b2b-e80d-4f85-abc2-f31bdbcf41cc,80804,c8c44111-912b-44b6-8c5d-e2b4fcf310fa,2025-05-15 08:01:55.026450,True,BANQUETA PLASTICA MULTIENVASE APILABLE,BANQUETA PLASTICA MULTIENVASE APILABLE,2.0
80804,Unidades,7798104669393,13.0,12,1,unidad,fc556b2b-e80d-4f85-abc2-f31bdbcf41cc,80804,62a30b31-1360-47d4-8338-c399a70f98e0,2025-05-15 08:01:55.026458,True,BANQUETA PLASTICA MULTIENVASE APILABLE,PACK * 12 - BANQUETA PLASTICA MULTIENVASE APILABLE,2.0
7861,Unidades,7795323002116,13.0,30,1,unidad,62761edb-f005-4148-a6be-2543f6d1bbac,7861,e99e9917-2e64-496c-9aaf-b0e9051ca62f,2025-05-15 08:01:55.498220,True,LA SERENISIMA BABY 1 BRICK X200 ML,PACK * 30 - LA SERENISIMA BABY 1 BRICK X200 ML,2.0
7861,Unidades,7795323002116,13.0,1,1,unidad,62761edb-f005-4148-a6be-2543f6d1bbac,7861,bb2b8117-adf4-4644-9b8c-402ee2e801b7,2025-05-15 08:01:55.498227,True,LA SERENISIMA BABY 1 BRICK X200 ML,LA SERENISIMA BABY 1 BRICK X200 ML,2.0
5243,Unidades,7798065730873,13.0,2,1,unidad,76504e4c-6210-4a09-81a0-580c58b264de,5243,6bb46d6c-3ffe-4b5f-88bd-3fc16ef9b976,2025-05-15 08:01:55.504645,True,AGUA SIERRA DE LOS PADRES SIN GAS 6 LT + 0.5 ML,PACK * 2 - AGUA SIERRA DE LOS PADRES SIN GAS 6 LT + 0.5 ML,2.0
5243,Unidades,7798065730873,13.0,1,1,unidad,76504e4c-6210-4a09-81a0-580c58b264de,5243,7929ec9c-4413-41bc-abe5-789cb4415876,2025-05-15 08:01:55.504655,True,AGUA SIERRA DE LOS PADRES SIN GAS 6 LT + 0.5 ML,AGUA SIERRA DE LOS PADRES SIN GAS 6 LT + 0.5 ML,2.0
80061,Unidades,7797358310396,13.0,8,1,unidad,f7a3c45f-baf9-4ad9-8624-72153dde24ab,80061,4dd57ba4-5b4f-4b6c-b4ba-d544b41c4cdb,2025-05-15 08:01:55.744316,True,JGO SABANAS DANUBIO CLASSIC 144H 2 12 PLAZAS,PACK * 8 - JGO SABANAS DANUBIO CLASSIC 144H 2 12 PLAZAS,2.0
80061,Unidades,7797358310396,13.0,1,1,unidad,f7a3c45f-baf9-4ad9-8624-72153dde24ab,80061,7d02ea9c-c863-4098-8e69-a1cd35dbc96c,2025-05-15 08:01:55.744323,True,JGO SABANAS DANUBIO CLASSIC 144H 2 12 PLAZAS,JGO SABANAS DANUBIO CLASSIC 144H 2 12 PLAZAS,2.0
14101,Unidades,7622300844967,13.0,1,1,unidad,f799d971-ffb2-4688-9a45-156824c9ff68,14101,05d924bf-c4ab-4bc3-85c4-da4ef6d8f394,2025-05-15 08:01:57.125846,True,CHOCOLATE MILKA BLANCO CON DULCE DE LECHE 67 GR,CHOCOLATE MILKA BLANCO CON DULCE DE LECHE 67 GR,2.0
14102,Unidades,7622300844967,13.0,30,1,unidad,a14c7542-98fa-4f66-94f4-5b652db023a7,14102,c19692a1-5862-4910-b62e-2a24dbb17584,2025-05-15 08:01:57.152363,True,CHOCOLATE MILKA DULCE DE LECHE 67 GR,PACK * 30 - CHOCOLATE MILKA DULCE DE LECHE 67 GR,2.0
6331,Unidades,37792389001511,14.0,6,5,unidad,3e2f4715-0177-469b-ba1a-59694dce4b63,6331,e06202c3-51b1-4b46-8ad0-578d79baaeec,2025-05-15 08:01:58.425472,True,LAVANDINA X5 COMUN X2L,CAJA * 6 - LAVANDINA X5 COMUN X2L,2.0
7310,Unidades,7798070680347,13.0,1,1,unidad,950ca705-2cc1-4461-b646-3040908360e6,7310,d2843dec-7cb6-43a5-af2e-34fea555a6c0,2025-05-15 08:01:58.597064,True,PIZZA MOZZARELLA SIBARITA 470 GR,PIZZA MOZZARELLA SIBARITA 470 GR,2.0
7310,Unidades,7798070680347,13.0,10,1,unidad,950ca705-2cc1-4461-b646-3040908360e6,7310,2cbc5669-18b2-4682-b080-1f0aae9993fd,2025-05-15 08:01:58.597071,True,PIZZA MOZZARELLA SIBARITA 470 GR,PACK * 10 - PIZZA MOZZARELLA SIBARITA 470 GR,2.0
3079,Unidades,7790206009503,13.0,12,1,unidad,5f43ae89-c45b-4497-8c66-dbd813e4e0e6,3079,b6a147e0-4f72-4b6d-9c09-32bf95c49222,2025-05-15 08:01:59.373428,True,PARAGÃITAS DE CHOCOLATE FELFORT 40 UN,PACK * 12 - PARAGÃITAS DE CHOCOLATE FELFORT 40 UN,2.0
3079,Unidades,7790206009503,13.0,1,1,unidad,5f43ae89-c45b-4497-8c66-dbd813e4e0e6,3079,11211e4a-ce58-4bea-ba41-296854347d5e,2025-05-15 08:01:59.373434,True,PARAGÃITAS DE CHOCOLATE FELFORT 40 UN,PARAGÃITAS DE CHOCOLATE FELFORT 40 UN,2.0
3220,Unidades,7790971001351,13.0,1,1,unidad,b9db3dd0-a017-4463-8c80-23b4331084e6,3220,9ef885c4-3743-4f7d-97b0-342c1ce88071,2025-05-15 08:01:59.450793,True,BIZCOCHUELO ORLOC CHOCOLATE 1 KG,BIZCOCHUELO ORLOC CHOCOLATE 1 KG,2.0
3220,Unidades,7790971001351,13.0,10,1,unidad,b9db3dd0-a017-4463-8c80-23b4331084e6,3220,2df33dbf-790d-4fb4-8581-5f97411052f7,2025-05-15 08:01:59.450800,True,BIZCOCHUELO ORLOC CHOCOLATE 1 KG,PACK * 10 - BIZCOCHUELO ORLOC CHOCOLATE 1 KG,2.0
80031,Unidades,7797358310419,13.0,1,1,unidad,3e71846b-3c26-4d0f-946c-6fa135a41992,80031,f816817c-6329-4248-bb30-1491b3f2ab55,2025-05-15 08:02:00.524749,True,JGO SABANAS DANUBIO CLASSIC 144H 1 12 PLAZAS,JGO SABANAS DANUBIO CLASSIC 144H 1 12 PLAZAS,2.0
80031,Unidades,7797358310419,13.0,10,1,unidad,3e71846b-3c26-4d0f-946c-6fa135a41992,80031,604e13cc-9a15-420c-898a-2743e8934b1c,2025-05-15 08:02:00.524754,True,JGO SABANAS DANUBIO CLASSIC 144H 1 12 PLAZAS,PACK * 10 - JGO SABANAS DANUBIO CLASSIC 144H 1 12 PLAZAS,2.0
5111,Unidades,7796989007132,13.0,1,1,unidad,da252a0f-0ff0-4edc-86f5-ec9231d36a89,5111,3cda81c0-50a0-4b6f-8c74-7f566b45b08f,2025-05-15 08:02:00.677485,True,PAN BLANCO BIMBO 400 GR,PAN BLANCO BIMBO 400 GR,2.0
5111,Unidades,7796989007132,13.0,15,1,unidad,da252a0f-0ff0-4edc-86f5-ec9231d36a89,5111,8e8609b6-0b93-4a94-b1a0-31102192277f,2025-05-15 08:02:00.677492,True,PAN BLANCO BIMBO 400 GR,PACK * 15 - PAN BLANCO BIMBO 400 GR,2.0
5149,Unidades,7793890000405,13.0,16,1,unidad,9b8d75c0-3548-4bbe-9e49-2693b6fbfc16,5149,6a31fefc-33c0-45e4-be97-ebd5bca0e48a,2025-05-15 08:02:00.689699,True,PAN PANCHO LACTAL X 210 GR,PACK * 16 - PAN PANCHO LACTAL X 210 GR,2.0
5149,Unidades,7793890000405,13.0,1,1,unidad,9b8d75c0-3548-4bbe-9e49-2693b6fbfc16,5149,0c74b26b-196a-4617-9d28-adf2a3375cdd,2025-05-15 08:02:00.689706,True,PAN PANCHO LACTAL X 210 GR,PAN PANCHO LACTAL X 210 GR,2.0
5528,Unidades,7795252000443,13.0,12,1,unidad,f94a0240-0ee8-4be9-adbe-8225aec3835b,5528,131545a2-fc1e-460e-aef7-b35a1461aed0,2025-05-15 08:02:00.774852,True,ESCOBILLON LA GRINGA ESQUINERO,PACK * 12 - ESCOBILLON LA GRINGA ESQUINERO,2.0
5528,Unidades,7795252000443,13.0,1,1,unidad,f94a0240-0ee8-4be9-adbe-8225aec3835b,5528,6a53067c-005c-4931-8b8e-36f27989b560,2025-05-15 08:02:00.774859,True,ESCOBILLON LA GRINGA ESQUINERO,ESCOBILLON LA GRINGA ESQUINERO,2.0
80812,Unidades,7798081192792,13.0,6,1,unidad,ed7150bc-ec60-477c-a90d-51d81eb7221e,80812,e1f80727-6920-4abf-b936-f4b44d252996,2025-05-15 08:02:00.880817,True,CONTENEDOR HERALDPLAST RECTANGULAR 3 U,PACK * 6 - CONTENEDOR HERALDPLAST RECTANGULAR 3 U,2.0
80812,Unidades,7798081192792,13.0,1,1,unidad,ed7150bc-ec60-477c-a90d-51d81eb7221e,80812,96e0265b-b317-44c9-acbb-a69db8b41deb,2025-05-15 08:02:00.880825,True,CONTENEDOR HERALDPLAST RECTANGULAR 3 U,CONTENEDOR HERALDPLAST RECTANGULAR 3 U,2.0
7863,Unidades,7795323002130,13.0,30,1,unidad,15f7d99e-d43b-4ef3-9885-175bea94891c,7863,cbe883ec-cd07-4702-b027-d7c430e7673a,2025-05-15 08:02:01.279484,True,LA SERENISIMA BABY 3 BRICK X200 ML,PACK * 30 - LA SERENISIMA BABY 3 BRICK X200 ML,2.0
7863,Unidades,7795323002130,13.0,1,1,unidad,15f7d99e-d43b-4ef3-9885-175bea94891c,7863,85740ede-eff4-4c75-8628-43f92139d5bf,2025-05-15 08:02:01.279490,True,LA SERENISIMA BABY 3 BRICK X200 ML,LA SERENISIMA BABY 3 BRICK X200 ML,2.0
2714,Unidades,7790130000041,13.0,1,1,unidad,17f366b8-b4b3-42b7-873b-7f61f187d917,2714,e628cf84-dd2c-4fc7-98c9-c506cac32b5e,2025-05-15 08:02:01.318258,True,VINAGRE MENOYO VINO 5 LT,VINAGRE MENOYO VINO 5 LT,2.0
2714,Unidades,7790130000041,13.0,4,1,unidad,17f366b8-b4b3-42b7-873b-7f61f187d917,2714,3af6ed16-3845-4f61-904c-dc94502d25a5,2025-05-15 08:02:01.318266,True,VINAGRE MENOYO VINO 5 LT,PACK * 4 - VINAGRE MENOYO VINO 5 LT,2.0
8011,Unidades,7790080040302,13.0,10,1,unidad,2a721a65-7f6e-4f40-9cb2-72bb0a39f5a5,8011,0f582dea-6681-412c-8d48-b97ea58b9e21,2025-05-15 08:02:01.336014,True,FLAN CASERO CON CARAMELO SANCOR 2 UN,PACK * 10 - FLAN CASERO CON CARAMELO SANCOR 2 UN,2.0
8011,Unidades,7790080040302,13.0,1,1,unidad,2a721a65-7f6e-4f40-9cb2-72bb0a39f5a5,8011,bf7a5f5c-8e5d-4fee-b34c-f502806172db,2025-05-15 08:02:01.336022,True,FLAN CASERO CON CARAMELO SANCOR 2 UN,FLAN CASERO CON CARAMELO SANCOR 2 UN,2.0
8542,Unidades,1111111118542,13.0,8,1,unidad,894495d6-a529-4c13-8aa7-527ff2ff2999,8542,d2e5f79a-1dc9-4e2c-a0a8-3e60cbe819cf,2025-05-15 08:02:01.678112,True,PANCETA SALADA EMEZETA X KG,PACK * 8 - PANCETA SALADA EMEZETA X KG,2.0
8542,Unidades,1111111118542,13.0,1,1,unidad,894495d6-a529-4c13-8aa7-527ff2ff2999,8542,a04f1e9c-17df-4f22-9edf-6c23ba05866f,2025-05-15 08:02:01.678120,True,PANCETA SALADA EMEZETA X KG,PANCETA SALADA EMEZETA X KG,2.0
23468,Unidades,17792180136838,14.0,1,5,unidad,5df3ad35-1d45-446f-bef3-8ad8ee172115,23468,0fb274c1-0009-43ef-ad02-71331cef0a3a,2025-05-15 08:02:01.818655,True,PAN MIGNON CANUELAS,PAN MIGNON CANUELAS,2.0
9309,Unidades,7790174000533,13.0,30,1,unidad,ecbffc63-0035-44c7-bebd-cfd242603e74,9309,1c1a1804-5865-42f5-85db-a94f96970e58,2025-05-15 08:02:01.983613,True,MILANESA DE SOJA VEGETALEX 340 GR,PACK * 30 - MILANESA DE SOJA VEGETALEX 340 GR,2.0
9309,Unidades,7790174000533,13.0,1,1,unidad,ecbffc63-0035-44c7-bebd-cfd242603e74,9309,3c6c03f9-0a41-4a4e-8ba2-bf89ea0a10d1,2025-05-15 08:02:01.983621,True,MILANESA DE SOJA VEGETALEX 340 GR,MILANESA DE SOJA VEGETALEX 340 GR,2.0
84304,Unidades,7795168000094,13.0,6,1,unidad,ec955de9-fe80-4cb4-9b75-bae7ca4d555b,84304,4698b8d4-4738-48ce-8b14-c11aa6058288,2025-05-15 08:02:02.256196,True,PALO SALTARIN TURBY T-BALL,PACK * 6 - PALO SALTARIN TURBY T-BALL,2.0
84304,Unidades,7795168000094,13.0,1,1,unidad,ec955de9-fe80-4cb4-9b75-bae7ca4d555b,84304,377145c3-19d3-4b63-9a1b-cf89cd5c0642,2025-05-15 08:02:02.256203,True,PALO SALTARIN TURBY T-BALL,PALO SALTARIN TURBY T-BALL,2.0
10999,Unidades,7798085997966,13.0,1,1,unidad,e174d300-404f-4d2a-94d8-b54b5d22a6bc,10999,05f36df0-a708-426a-8633-79c33a4b1afd,2025-05-15 08:02:02.272205,True,AJIES COINCO FRASCO 330 GR,AJIES COINCO FRASCO 330 GR,2.0
10999,Unidades,7798085997966,13.0,12,1,unidad,e174d300-404f-4d2a-94d8-b54b5d22a6bc,10999,9168607c-fc25-4e83-a92c-66e5db4d13bf,2025-05-15 08:02:02.272214,True,AJIES COINCO FRASCO 330 GR,PACK * 12 - AJIES COINCO FRASCO 330 GR,2.0
11004,Unidades,7798085998024,13.0,1,1,unidad,28b6e281-04b2-4db2-850e-709490347074,11004,257a6c62-b76d-434b-abf8-53f698f1afda,2025-05-15 08:02:02.291949,True,CEREZAS COINCO FRASCO 390 GR,CEREZAS COINCO FRASCO 390 GR,2.0
11004,Unidades,7798085998024,13.0,12,1,unidad,28b6e281-04b2-4db2-850e-709490347074,11004,91500ad3-2731-4581-8576-c812c1a418a9,2025-05-15 08:02:02.291956,True,CEREZAS COINCO FRASCO 390 GR,PACK * 12 - CEREZAS COINCO FRASCO 390 GR,2.0
11000,Unidades,7798085997973,13.0,4,1,unidad,02ef5713-7ba8-4a6c-ab71-3396ef814c1d,11000,46db015c-0d3f-4364-a544-4728d621be8e,2025-05-15 08:02:02.299333,True,AJIES COINCO FRASCO 3 KG,PACK * 4 - AJIES COINCO FRASCO 3 KG,2.0
11000,Unidades,7798085997973,13.0,1,1,unidad,02ef5713-7ba8-4a6c-ab71-3396ef814c1d,11000,bd96f283-67e8-45cf-be7b-69b5902489c7,2025-05-15 08:02:02.299342,True,AJIES COINCO FRASCO 3 KG,AJIES COINCO FRASCO 3 KG,2.0
11001,Unidades,7798085997980,13.0,1,1,unidad,039ef4a3-38b2-4fba-b487-69cdd31ee022,11001,214e61b7-2228-411c-b738-497637f97a52,2025-05-15 08:02:02.325148,True,ALCAPARRAS COINCO FRASCO 100 GR,ALCAPARRAS COINCO FRASCO 100 GR,2.0
11001,Unidades,7798085997980,13.0,20,1,unidad,039ef4a3-38b2-4fba-b487-69cdd31ee022,11001,2f1fd021-5c60-40b1-a9f1-ab1213d5eb0d,2025-05-15 08:02:02.325154,True,ALCAPARRAS COINCO FRASCO 100 GR,PACK * 20 - ALCAPARRAS COINCO FRASCO 100 GR,2.0
11003,Unidades,7798085998017,13.0,12,1,unidad,f22bb315-9fb1-4b05-bb5d-2990d13f96bb,11003,2dad687f-ce25-4eff-82b3-80a431c7b85d,2025-05-15 08:02:02.340697,True,BERENJENA COINCO 315 GR,PACK * 12 - BERENJENA COINCO 315 GR,2.0
11003,Unidades,7798085998017,13.0,1,1,unidad,f22bb315-9fb1-4b05-bb5d-2990d13f96bb,11003,3b48b672-b250-440a-8c50-f3cd3193d2e4,2025-05-15 08:02:02.340703,True,BERENJENA COINCO 315 GR,BERENJENA COINCO 315 GR,2.0
39827,Unidades,4005900122186,13.0,1,1,unidad,bd458a31-c505-4a74-b360-59cc38f8b121,39827,e6d975d0-edae-49ad-9b0c-659e1ccc5939,2025-05-15 08:02:02.497826,True,DESODORANTE ANTITRANSPIRANTE NIVEA FEM.PROTECT 150 ML,DESODORANTE ANTITRANSPIRANTE NIVEA FEM.PROTECT 150 ML,2.0
7860,Unidades,7795323002482,13.0,30,1,unidad,0bbdbcbd-6af8-46bd-930c-008e886895a9,7860,951842fe-cae8-4578-9b6a-2ede7f97b090,2025-05-15 08:02:03.454260,True,NUTRILON 3 BRICK X200 ML,PACK * 30 - NUTRILON 3 BRICK X200 ML,2.0
7860,Unidades,7795323002482,13.0,1,1,unidad,0bbdbcbd-6af8-46bd-930c-008e886895a9,7860,e7510176-7a04-4d51-9aff-6ccab6b31d1a,2025-05-15 08:02:03.454269,True,NUTRILON 3 BRICK X200 ML,NUTRILON 3 BRICK X200 ML,2.0
5357,Unidades,7791274196041,13.0,12,1,unidad,291febc2-ca48-4b49-bf37-0a241e13e639,5357,53a5b152-8892-4384-9c54-3485aef84342,2025-05-15 08:02:03.901043,True,JABON LIQUIDO ALGABO GREEN TEA DOYPACK 300 ML,PACK * 12 - JABON LIQUIDO ALGABO GREEN TEA DOYPACK 300 ML,2.0
5357,Unidades,7791274196041,13.0,1,1,unidad,291febc2-ca48-4b49-bf37-0a241e13e639,5357,0307475f-b8c6-4e61-a162-1242b5a2dd07,2025-05-15 08:02:03.901055,True,JABON LIQUIDO ALGABO GREEN TEA DOYPACK 300 ML,JABON LIQUIDO ALGABO GREEN TEA DOYPACK 300 ML,2.0
11469,Unidades,7793893002017,13.0,1,1,unidad,5bb0406d-fc57-47b6-b9d9-926c4b6d33d5,11469,eff5b10e-8994-43c0-b07e-d5006af9f7ee,2025-05-15 08:02:04.253576,True,SALCHICHON PRIMAVERA PIAMONTESA 300 GR,SALCHICHON PRIMAVERA PIAMONTESA 300 GR,2.0
11469,Unidades,7793893002017,13.0,10,1,unidad,5bb0406d-fc57-47b6-b9d9-926c4b6d33d5,11469,473a789f-c57b-4009-b8f0-e52a5fa4d7b7,2025-05-15 08:02:04.253585,True,SALCHICHON PRIMAVERA PIAMONTESA 300 GR,PACK * 10 - SALCHICHON PRIMAVERA PIAMONTESA 300 GR,2.0
5372,Unidades,7791274000584,13.0,1,1,unidad,6e7fdc48-9a95-46f2-ba7b-43dc4a734353,5372,b76923b9-86c2-4010-a951-6be435c25624,2025-05-15 08:02:04.597013,True,JABON LIQUIDO ALGABO CREMOSO  FLOWER MIX,JABON LIQUIDO ALGABO CREMOSO  FLOWER MIX,2.0
5372,Unidades,7791274000584,13.0,12,1,unidad,6e7fdc48-9a95-46f2-ba7b-43dc4a734353,5372,8c590588-0abd-4539-88c6-42665d7542e4,2025-05-15 08:02:04.597020,True,JABON LIQUIDO ALGABO CREMOSO  FLOWER MIX,PACK * 12 - JABON LIQUIDO ALGABO CREMOSO  FLOWER MIX,2.0
5371,Unidades,7791274000492,13.0,1,1,unidad,cc42d97c-26b3-4ea1-8f71-d87570615620,5371,daee464f-81a3-4ea3-af2a-620a37558dae,2025-05-15 08:02:04.629240,True,JABON LIQUIDO ALGABO CREMOSO FLOWER MI DOYPACK 300 ML,JABON LIQUIDO ALGABO CREMOSO FLOWER MI DOYPACK 300 ML,2.0
5371,Unidades,7791274000492,13.0,12,1,unidad,cc42d97c-26b3-4ea1-8f71-d87570615620,5371,3f7809f5-9e1b-49b2-becd-6df5cc6cbd75,2025-05-15 08:02:04.629250,True,JABON LIQUIDO ALGABO CREMOSO FLOWER MI DOYPACK 300 ML,PACK * 12 - JABON LIQUIDO ALGABO CREMOSO FLOWER MI DOYPACK 300 ML,2.0
9304,Unidades,7793893001980,13.0,1,1,unidad,00157932-cc73-46ca-9b2d-a952aef7a992,9304,0f3bc29c-e3ab-450b-99b5-813855df92d1,2025-05-15 08:02:04.731554,True,SALAMIN PICADO GRUESO PIAMONTESA 150 GR,SALAMIN PICADO GRUESO PIAMONTESA 150 GR,2.0
9304,Unidades,7793893001980,13.0,14,1,unidad,00157932-cc73-46ca-9b2d-a952aef7a992,9304,fbe34354-1513-4fa1-8445-68f5f54a8a49,2025-05-15 08:02:04.731561,True,SALAMIN PICADO GRUESO PIAMONTESA 150 GR,PACK * 14 - SALAMIN PICADO GRUESO PIAMONTESA 150 GR,2.0
5366,Unidades,7791274000737,13.0,12,1,unidad,b498606d-e3e8-4341-ab7d-428b2f32c90b,5366,3c3632e0-d3fd-43cc-bedc-ead51aafaa92,2025-05-15 08:02:05.003283,True,JABON LIQUIDO ALGABO COCO  VAINILLA DOYPACK 300 ML,PACK * 12 - JABON LIQUIDO ALGABO COCO  VAINILLA DOYPACK 300 ML,2.0
5366,Unidades,7791274000737,13.0,1,1,unidad,b498606d-e3e8-4341-ab7d-428b2f32c90b,5366,1e053e6b-c404-48f7-b177-cbcf1ffd1d1d,2025-05-15 08:02:05.003289,True,JABON LIQUIDO ALGABO COCO  VAINILLA DOYPACK 300 ML,JABON LIQUIDO ALGABO COCO  VAINILLA DOYPACK 300 ML,2.0
23283,Unidades,7793940306006,13.0,9,1,unidad,88fc8029-c757-46b4-bbc6-d38fa5cc89cc,23283,2bf6d16d-6340-41e9-bb82-b245adbe92a4,2025-05-15 08:02:05.609983,True,LECHE ARMONIA ULTRA PARCIALMENTE DESCREMADA 1 SACHET 1LT,PACK * 9 - LECHE ARMONIA ULTRA PARCIALMENTE DESCREMADA 1 SACHET 1LT,2.0
5148,Unidades,7796989007071,13.0,1,1,unidad,35e4bc4a-63c2-4c29-a7df-2fd99722ea16,5148,16831ea8-4d20-4526-9635-5dd7e7c8e6d6,2025-05-15 08:02:05.857956,True,PAN PANCHO BIMBO 6 UN,PAN PANCHO BIMBO 6 UN,2.0
5148,Unidades,7796989007071,13.0,16,1,unidad,35e4bc4a-63c2-4c29-a7df-2fd99722ea16,5148,182063ba-8d84-4133-81d9-3654a9137c49,2025-05-15 08:02:05.857963,True,PAN PANCHO BIMBO 6 UN,PACK * 16 - PAN PANCHO BIMBO 6 UN,2.0
23285,Unidades,7790742330703,13.0,9,1,unidad,4953db10-326f-4838-b8c3-90fd7db52282,23285,cc6951d2-a1f5-4e3f-b901-153056a6bfda,2025-05-15 08:02:05.877263,True,LECHE ARMONIA ULTRA PARCIALMENTE DESCREMADA 2 SACHET 1LT,PACK * 9 - LECHE ARMONIA ULTRA PARCIALMENTE DESCREMADA 2 SACHET 1LT,2.0
7862,Unidades,7795323001836,13.0,30,1,unidad,5cdaf427-0374-4560-b1b9-5f74fbd090ee,7862,43cc3ef2-c00b-47a6-a71e-51e2139d8aea,2025-05-15 08:02:06.135452,True,LA SERENISIMA BABY 2 BRICK X200 ML,PACK * 30 - LA SERENISIMA BABY 2 BRICK X200 ML,2.0
7862,Unidades,7795323001836,13.0,1,1,unidad,5cdaf427-0374-4560-b1b9-5f74fbd090ee,7862,feb01d99-3a5e-4f8f-804a-ea67edc75a96,2025-05-15 08:02:06.135461,True,LA SERENISIMA BABY 2 BRICK X200 ML,LA SERENISIMA BABY 2 BRICK X200 ML,2.0
21686,Unidades,17622201818637,14.0,36,5,unidad,79e9b421-6201-4dc8-8c4d-ede8bdb7c306,21686,51eb8309-ca54-4789-a5aa-506bb6fa3442,2025-05-15 08:02:06.321916,True,POSTRE MANTECOL 253 GR,CAJA * 36 - POSTRE MANTECOL 253 GR,2.0
11574,Unidades,7794770100901,13.0,1,1,unidad,f308ebc8-65f9-440e-82e1-782c877733bd,11574,84b0caf4-7794-44d9-a8f7-a6a2136816fd,2025-05-15 08:02:06.672810,True,ACEITUNAS YOVINESSA VERDE DOY PACK 500 GR,ACEITUNAS YOVINESSA VERDE DOY PACK 500 GR,2.0
11574,Unidades,7794770100901,13.0,6,1,unidad,f308ebc8-65f9-440e-82e1-782c877733bd,11574,0ca3279e-6668-4774-8608-ec396f3e76ac,2025-05-15 08:02:06.672817,True,ACEITUNAS YOVINESSA VERDE DOY PACK 500 GR,PACK * 6 - ACEITUNAS YOVINESSA VERDE DOY PACK 500 GR,2.0
8232,Unidades,7792350001952,13.0,1,1,unidad,406db31d-54f6-4074-8ac5-8fbeca56730c,8232,0498e2af-27b2-459b-b309-21bbc7d9b29a,2025-05-15 08:02:06.763907,True,JARDINERA INALPA 2.95 KG,JARDINERA INALPA 2.95 KG,2.0
8232,Unidades,7792350001952,13.0,6,1,unidad,406db31d-54f6-4074-8ac5-8fbeca56730c,8232,07892b71-fc77-4eea-840d-73c9a95b42cb,2025-05-15 08:02:06.763914,True,JARDINERA INALPA 2.95 KG,PACK * 6 - JARDINERA INALPA 2.95 KG,2.0
24517,Unidades,17792180142129,14.0,6,5,unidad,623946cd-3eaf-41e9-beef-58ca0bfc4d89,24517,2ad16c38-b8f3-413d-8668-cc3787a6a603,2025-05-15 08:02:06.982039,True,PIETRO PIZZA MEDIANA MUZZARELLA X2,CAJA * 6 - PIETRO PIZZA MEDIANA MUZZARELLA X2,2.0
11576,Unidades,7794770100758,13.0,1,1,unidad,613cd2fd-ff95-4fd7-badf-58cfe46855ff,11576,2b54bea5-31de-4114-8158-919354da8b3a,2025-05-15 08:02:07.342737,True,ACEITUNAS YOVINESSA VERDE DESCAROZADA DOY PACK 150 GR,ACEITUNAS YOVINESSA VERDE DESCAROZADA DOY PACK 150 GR,2.0
11576,Unidades,7794770100758,13.0,12,1,unidad,613cd2fd-ff95-4fd7-badf-58cfe46855ff,11576,e6f94211-f9a2-4d4d-b50f-acd2541e7322,2025-05-15 08:02:07.342742,True,ACEITUNAS YOVINESSA VERDE DESCAROZADA DOY PACK 150 GR,PACK * 12 - ACEITUNAS YOVINESSA VERDE DESCAROZADA DOY PACK 150 GR,2.0
8231,Unidades,7792350001921,13.0,6,1,unidad,caeb38bb-c427-4907-85cb-bd97bfc22ea7,8231,11056759-44f8-42f0-a4ec-90fa0aa676a5,2025-05-15 08:02:08.173822,True,ARVEJAS INALPA REMOJADAS 2.9 KG,PACK * 6 - ARVEJAS INALPA REMOJADAS 2.9 KG,2.0
8231,Unidades,7792350001921,13.0,1,1,unidad,caeb38bb-c427-4907-85cb-bd97bfc22ea7,8231,40284ac7-ad79-4165-983b-c423bb7380d1,2025-05-15 08:02:08.173829,True,ARVEJAS INALPA REMOJADAS 2.9 KG,ARVEJAS INALPA REMOJADAS 2.9 KG,2.0
14446,Unidades,779812436139,12.0,1,2,unidad,7df75ca4-f2c8-4ca0-af6a-c503a2ad6132,14446,60a0a5d1-0362-4cb9-a457-c9c4627d1b89,2025-05-15 08:02:08.180061,True,PAPEL HIGIENICO OKEY DH BLANCO 4X30 MTS,PAPEL HIGIENICO OKEY DH BLANCO 4X30 MTS,2.0
22665,Unidades,7798085994064,13.0,6,1,unidad,4f49d188-01f6-4a52-89ec-d8e160aa11d4,22665,b4473cdc-f62f-49ee-97d4-d3717ea3e04e,2025-05-15 08:02:08.475714,True,FILET DE ANCHOA ESTRIBOR FRASCO 190 GR,PACK * 6 - FILET DE ANCHOA ESTRIBOR FRASCO 190 GR,2.0
22665,Unidades,7798085994064,13.0,1,1,unidad,4f49d188-01f6-4a52-89ec-d8e160aa11d4,22665,2beafbd0-4cd0-4ce5-b782-58dd33d05e93,2025-05-15 08:02:08.475723,True,FILET DE ANCHOA ESTRIBOR FRASCO 190 GR,FILET DE ANCHOA ESTRIBOR FRASCO 190 GR,2.0
15160,Unidades,7798085998659,13.0,20,1,unidad,596195c7-7956-4b05-9150-6fb68dc30981,15160,76438931-4d0b-4e49-9374-6d43531af852,2025-05-15 08:02:08.989297,True,BOLSA DE RESIDUOS OKEY 80X110 10 UN,PACK * 20 - BOLSA DE RESIDUOS OKEY 80X110 10 UN,2.0
15160,Unidades,7798085998659,13.0,1,1,unidad,596195c7-7956-4b05-9150-6fb68dc30981,15160,85c2cd1e-1193-4cb6-85e6-bc151df211cb,2025-05-15 08:02:08.989305,True,BOLSA DE RESIDUOS OKEY 80X110 10 UN,BOLSA DE RESIDUOS OKEY 80X110 10 UN,2.0
7873,Unidades,7790787003518,13.0,12,1,unidad,3f5e2bfb-7a30-4c01-9c5e-0797db3c492e,7873,c194cd24-94c9-4e46-b61f-37bcc60b827a,2025-05-15 08:02:09.383684,True,QUESO UNTABLE LIGHT ILOLAY C FOLICO Y ZN 290 GR,PACK * 12 - QUESO UNTABLE LIGHT ILOLAY C FOLICO Y ZN 290 GR,2.0
7873,Unidades,7790787003518,13.0,1,1,unidad,3f5e2bfb-7a30-4c01-9c5e-0797db3c492e,7873,2dc9b093-23f6-4fe8-9401-f9c91d534f3f,2025-05-15 08:02:09.383690,True,QUESO UNTABLE LIGHT ILOLAY C FOLICO Y ZN 290 GR,QUESO UNTABLE LIGHT ILOLAY C FOLICO Y ZN 290 GR,2.0
5370,Unidades,7791274000577,13.0,12,1,unidad,adbafe2f-ef59-4644-970b-691e9a3275ba,5370,6479b2cc-1bda-4289-beb0-34e60391fadb,2025-05-15 08:02:09.464136,True,JABON LIQUIDO ALGABO CREMOSO DOY PACK 300 ML,PACK * 12 - JABON LIQUIDO ALGABO CREMOSO DOY PACK 300 ML,2.0
5370,Unidades,7791274000577,13.0,1,1,unidad,adbafe2f-ef59-4644-970b-691e9a3275ba,5370,7b39b0c0-696d-47f9-af9c-0111b8982d86,2025-05-15 08:02:09.464142,True,JABON LIQUIDO ALGABO CREMOSO DOY PACK 300 ML,JABON LIQUIDO ALGABO CREMOSO DOY PACK 300 ML,2.0
22147,Unidades,17622201818637,14.0,144,5,unidad,fc2268f3-ba74-4d64-a4af-595e6526a610,22147,ef165113-2d79-46b0-8e0f-051df9433961,2025-05-15 08:02:10.030773,True,CHOCOLATE CADBURY YOGURT FRUTILLA 29 GR,CAJA * 144 - CHOCOLATE CADBURY YOGURT FRUTILLA 29 GR,2.0
10951,Unidades,7792340000859,13.0,1,1,unidad,2269f274-59bf-40f0-ae85-fe81ed9a7b43,10951,bfa16808-21d0-4a33-b65a-a325de444900,2025-05-15 08:02:10.219718,True,PEPINOS MERIDIANO FRASCO 1.8 KG,PEPINOS MERIDIANO FRASCO 1.8 KG,2.0
10951,Unidades,7792340000859,13.0,4,1,unidad,2269f274-59bf-40f0-ae85-fe81ed9a7b43,10951,b92268d3-54b3-4f3e-a0d1-373e798775f2,2025-05-15 08:02:10.219726,True,PEPINOS MERIDIANO FRASCO 1.8 KG,PACK * 4 - PEPINOS MERIDIANO FRASCO 1.8 KG,2.0
85135,Unidades,7793492000308,13.0,4,1,unidad,333f9d07-b4db-417a-81eb-80559adc6195,85135,bee2c514-fcd2-4dc5-acca-742cfa3944db,2025-05-15 08:02:10.372580,True,ESTUFA ELECTRICA CRIVEL CUARZO VERTICAL E4,PACK * 4 - ESTUFA ELECTRICA CRIVEL CUARZO VERTICAL E4,2.0
85135,Unidades,7793492000308,13.0,1,1,unidad,333f9d07-b4db-417a-81eb-80559adc6195,85135,82dd2375-9e7a-4482-ba2a-b3788c4a5468,2025-05-15 08:02:10.372591,True,ESTUFA ELECTRICA CRIVEL CUARZO VERTICAL E4,ESTUFA ELECTRICA CRIVEL CUARZO VERTICAL E4,2.0
11366,Unidades,7798085998079,13.0,12,1,unidad,2be22bc5-8080-40f9-8068-ab05b6f1d57c,11366,07abadf1-0bac-4226-adb8-ba9c801e8e47,2025-05-15 08:02:10.611295,True,PEPINOS COINCO FRASCO 320 GR,PACK * 12 - PEPINOS COINCO FRASCO 320 GR,2.0
11366,Unidades,7798085998079,13.0,1,1,unidad,2be22bc5-8080-40f9-8068-ab05b6f1d57c,11366,212abe7b-efdb-4092-bd2c-dcf10f2d1e13,2025-05-15 08:02:10.611304,True,PEPINOS COINCO FRASCO 320 GR,PEPINOS COINCO FRASCO 320 GR,2.0
8615,Unidades,7790360966841,13.0,1,1,unidad,7c1bf142-07a3-4e93-a61f-78f802c81845,8615,ad25a633-0dd7-43f0-bc21-75f3b9c3fb67,2025-05-15 08:02:10.814702,True,MEDALLON DE CARNE SWIFT 4 UN,MEDALLON DE CARNE SWIFT 4 UN,2.0
8615,Unidades,7790360966841,13.0,12,1,unidad,7c1bf142-07a3-4e93-a61f-78f802c81845,8615,0a86a06a-4f3b-49c3-be8a-d58d4a9a8aab,2025-05-15 08:02:10.814708,True,MEDALLON DE CARNE SWIFT 4 UN,PACK * 12 - MEDALLON DE CARNE SWIFT 4 UN,2.0
20523,Unidades,7798182430212,13.0,1,1,unidad,98520994-f65f-4b2e-9ca3-47b3b2ca0a6b,20523,be3db39a-1974-4472-bd2f-251a49eb2cf3,2025-05-15 08:02:12.625192,True,PANUELOS OKEY 6 X 10 UN,PANUELOS OKEY 6 X 10 UN,2.0
20523,Unidades,7798182430212,13.0,48,1,unidad,98520994-f65f-4b2e-9ca3-47b3b2ca0a6b,20523,d9b88e57-4140-4711-a9fb-624dd4e10c03,2025-05-15 08:02:12.625202,True,PANUELOS OKEY 6 X 10 UN,PACK * 48 - PANUELOS OKEY 6 X 10 UN,2.0
11364,Unidades,7798085998055,13.0,12,1,unidad,681641a0-4db5-433d-a4b7-dce1c94e7db9,11364,04bf07e7-29df-41cd-93a6-9c4239f633cf,2025-05-15 08:02:12.993210,True,MORRON COINCO FRASCO 330 GR,PACK * 12 - MORRON COINCO FRASCO 330 GR,2.0
11364,Unidades,7798085998055,13.0,1,1,unidad,681641a0-4db5-433d-a4b7-dce1c94e7db9,11364,650418b3-fcbc-4b05-9ce9-0b5efe0575ae,2025-05-15 08:02:12.993217,True,MORRON COINCO FRASCO 330 GR,MORRON COINCO FRASCO 330 GR,2.0
10964,Unidades,7790787153664,13.0,24,1,unidad,0444d951-84f9-48ee-b747-9c556ef3f4a2,10964,ed602241-e530-4562-bd3d-087c349cdbf1,2025-05-15 08:02:13.353265,True,DULCE DE LECHE CLASICO ILOLAY 400 GR,PACK * 24 - DULCE DE LECHE CLASICO ILOLAY 400 GR,2.0
10964,Unidades,7790787153664,13.0,1,1,unidad,0444d951-84f9-48ee-b747-9c556ef3f4a2,10964,4f2f591a-c239-4bd2-b153-cca9817addf8,2025-05-15 08:02:13.353271,True,DULCE DE LECHE CLASICO ILOLAY 400 GR,DULCE DE LECHE CLASICO ILOLAY 400 GR,2.0
264,Unidades,7701871000849,13.0,12,1,unidad,1ee1e2db-3c72-42b3-ad82-a02d602d9cd3,264,2ed6c138-d104-459b-9636-80ded853bc7a,2025-05-15 08:02:13.518959,True,CREMA VEGETAL FLEISCREAM 1 LT,PACK * 12 - CREMA VEGETAL FLEISCREAM 1 LT,2.0
264,Unidades,7701871000849,13.0,1,1,unidad,1ee1e2db-3c72-42b3-ad82-a02d602d9cd3,264,31bb2eb4-f8bd-4552-8f3e-718d0be49d4b,2025-05-15 08:02:13.518967,True,CREMA VEGETAL FLEISCREAM 1 LT,CREMA VEGETAL FLEISCREAM 1 LT,2.0
293,Unidades,7791564006081,13.0,12,1,unidad,3ac6238d-6060-406f-86d3-9b8551e8906d,293,723a4c30-0206-4720-b6c4-9a09f1373e42,2025-05-15 08:02:13.527177,True,QUESO AZUL BAVARIA 125 GR,PACK * 12 - QUESO AZUL BAVARIA 125 GR,2.0
293,Unidades,7791564006081,13.0,1,1,unidad,3ac6238d-6060-406f-86d3-9b8551e8906d,293,20b96977-129b-40d2-8d5a-f4e94caf159e,2025-05-15 08:02:13.527186,True,QUESO AZUL BAVARIA 125 GR,QUESO AZUL BAVARIA 125 GR,2.0
9046,Unidades,7791218000724,13.0,21,1,unidad,cf112cb6-dc65-4207-9504-56bd68d0c246,9046,c1747115-3d33-47d1-b3a6-4af8e0fcecad,2025-05-15 08:02:13.634927,True,SUSTITUTO DE CARNE MAGIA CARNE 250 GR,PACK * 21 - SUSTITUTO DE CARNE MAGIA CARNE 250 GR,2.0
9046,Unidades,7791218000724,13.0,1,1,unidad,cf112cb6-dc65-4207-9504-56bd68d0c246,9046,a2f828fb-0318-413a-b783-1554f536be76,2025-05-15 08:02:13.634936,True,SUSTITUTO DE CARNE MAGIA CARNE 250 GR,SUSTITUTO DE CARNE MAGIA CARNE 250 GR,2.0
9047,Unidades,7791218000731,13.0,21,1,unidad,fd11db9d-20d9-4956-8050-d731f5dd25c8,9047,6b6ba0eb-12c9-4242-8431-966366ff05bf,2025-05-15 08:02:13.650163,True,SUSTITUTO DE POLLO MAGIA 250 GR,PACK * 21 - SUSTITUTO DE POLLO MAGIA 250 GR,2.0
9047,Unidades,7791218000731,13.0,1,1,unidad,fd11db9d-20d9-4956-8050-d731f5dd25c8,9047,1ec9609a-14ba-4c59-bdfe-5c99ecb1a2a3,2025-05-15 08:02:13.650170,True,SUSTITUTO DE POLLO MAGIA 250 GR,SUSTITUTO DE POLLO MAGIA 250 GR,2.0
9062,Unidades,7790174000472,13.0,1,1,unidad,d060744e-8661-4f45-aca0-7510f5e6cd40,9062,af77d2b4-ef56-41d3-b596-dc8d0c20ee93,2025-05-15 08:02:13.788582,True,MEDALLONES VEGETALEX VERDURAS 300 GR,MEDALLONES VEGETALEX VERDURAS 300 GR,2.0
9062,Unidades,7790174000472,13.0,30,1,unidad,d060744e-8661-4f45-aca0-7510f5e6cd40,9062,e9f216ab-dc5d-44a2-a786-4fdf39ce00a2,2025-05-15 08:02:13.788593,True,MEDALLONES VEGETALEX VERDURAS 300 GR,PACK * 30 - MEDALLONES VEGETALEX VERDURAS 300 GR,2.0
80,Unidades,7791620000923,13.0,4,1,unidad,af89a4bb-e5cf-4a3d-8fb1-562833659780,80,bb832329-b33d-4356-adf0-b4c0263fc1e3,2025-05-15 08:02:13.994108,True,MARGARINA MASA PRIMOR 5 KG,PACK * 4 - MARGARINA MASA PRIMOR 5 KG,2.0
80,Unidades,7791620000923,13.0,1,1,unidad,af89a4bb-e5cf-4a3d-8fb1-562833659780,80,205b6309-1ae3-4772-99a5-3870701689b2,2025-05-15 08:02:13.994117,True,MARGARINA MASA PRIMOR 5 KG,MARGARINA MASA PRIMOR 5 KG,2.0
9308,Unidades,7790174000540,13.0,1,1,unidad,06ba1de8-0a02-4bf0-86a3-1c64a4b2da70,9308,9fe8d5e8-dd12-4ef1-b699-5bed2af5ed67,2025-05-15 08:02:15.546017,True,MILANESA DE SOJA VEGETALEX ESPINACA 340 GR,MILANESA DE SOJA VEGETALEX ESPINACA 340 GR,2.0
9308,Unidades,7790174000540,13.0,30,1,unidad,06ba1de8-0a02-4bf0-86a3-1c64a4b2da70,9308,6e704041-0a69-450d-ab26-da5d3e2790ec,2025-05-15 08:02:15.546024,True,MILANESA DE SOJA VEGETALEX ESPINACA 340 GR,PACK * 30 - MILANESA DE SOJA VEGETALEX ESPINACA 340 GR,2.0
32642,Unidades,7794612157100,13.0,8,1,unidad,c4fca2c7-eadc-4651-b4a2-6e5284b65575,32642,7e216437-6bd2-40c6-9591-8fa5418225f8,2025-05-15 08:02:15.992187,True,BOMBON DANCING ESTUCHE 425 GR,PACK * 8 - BOMBON DANCING ESTUCHE 425 GR,2.0
32642,Unidades,7794612157100,13.0,1,1,unidad,c4fca2c7-eadc-4651-b4a2-6e5284b65575,32642,26b701d6-df9c-46a3-8995-ff76376d057e,2025-05-15 08:02:15.992194,True,BOMBON DANCING ESTUCHE 425 GR,BOMBON DANCING ESTUCHE 425 GR,2.0
7856,Unidades,7795323002215,13.0,30,1,unidad,0a971e28-998b-4cd4-bb13-97d56c106dee,7856,30ef4aa8-491e-4c4a-b305-001377ee72dd,2025-05-15 08:02:16.926615,True,VITAL 2 BRICK X200 ML,PACK * 30 - VITAL 2 BRICK X200 ML,2.0
7856,Unidades,7795323002215,13.0,1,1,unidad,0a971e28-998b-4cd4-bb13-97d56c106dee,7856,cd664c6d-d832-4f97-979e-408d7a47dec6,2025-05-15 08:02:16.926621,True,VITAL 2 BRICK X200 ML,VITAL 2 BRICK X200 ML,2.0
7855,Unidades,7795323002246,13.0,30,1,unidad,4a9d8a3e-55ce-4ffa-8b42-63641bbe9be7,7855,5a32ef04-9938-433f-8139-f190d22aeaf2,2025-05-15 08:02:16.937863,True,LECHE VITAL 1 200 ML,PACK * 30 - LECHE VITAL 1 200 ML,2.0
7855,Unidades,7795323002246,13.0,1,1,unidad,4a9d8a3e-55ce-4ffa-8b42-63641bbe9be7,7855,321eb977-ad66-4d5a-a2da-6712e209e7d5,2025-05-15 08:02:16.937869,True,LECHE VITAL 1 200 ML,LECHE VITAL 1 200 ML,2.0
12886,Unidades,7798169801073,13.0,1,1,unidad,6d0fd35c-ed17-47f1-a8ad-1a8df4c73760,12886,8c5c4e23-4462-496b-9198-82219646af79,2025-05-15 08:02:18.048542,True,CEREAL LASFOR COPO DE MAIZ AZUCARADO 2.5 KG,CEREAL LASFOR COPO DE MAIZ AZUCARADO 2.5 KG,2.0
12886,Unidades,7798169801073,13.0,4,1,unidad,6d0fd35c-ed17-47f1-a8ad-1a8df4c73760,12886,a1e81932-336b-4b44-8d96-4417cd0a1bef,2025-05-15 08:02:18.048553,True,CEREAL LASFOR COPO DE MAIZ AZUCARADO 2.5 KG,PACK * 4 - CEREAL LASFOR COPO DE MAIZ AZUCARADO 2.5 KG,2.0
45214,Unidades,7798182431417,13.0,6,1,unidad,ca9c31df-711f-45c8-971a-76543b691e75,45214,a107ad33-784b-4522-9331-99314dde4b8d,2025-05-15 08:02:18.433242,True,TENDER OKEY DE ALUMINIO CON ALAS,PACK * 6 - TENDER OKEY DE ALUMINIO CON ALAS,2.0
45214,Unidades,7798182431417,13.0,1,1,unidad,ca9c31df-711f-45c8-971a-76543b691e75,45214,7a6588d9-b894-48e4-af95-6329fef0a2a7,2025-05-15 08:02:18.433250,True,TENDER OKEY DE ALUMINIO CON ALAS,TENDER OKEY DE ALUMINIO CON ALAS,2.0
10354,Unidades,7798062540109,13.0,1,1,unidad,63b856b4-dba3-4536-b8aa-f29bce5ecb31,10354,666ac740-f010-4d8d-a344-e8d65d04253d,2025-05-15 08:02:18.729121,True,AGUA VILLA DEL SUR SIN GAS 600 ML,AGUA VILLA DEL SUR SIN GAS 600 ML,2.0
10354,Unidades,7798062540109,13.0,12,1,unidad,63b856b4-dba3-4536-b8aa-f29bce5ecb31,10354,78ae6d98-79a8-488f-9941-48ce94d19167,2025-05-15 08:02:18.729128,True,AGUA VILLA DEL SUR SIN GAS 600 ML,PACK * 12 - AGUA VILLA DEL SUR SIN GAS 600 ML,2.0
18945,Unidades,17798111381261,14.0,35,5,unidad,18078d3d-7a52-47b5-8803-ce7adfeae2ee,18945,f4e83a2f-5083-40d3-b457-5f59e7b52d0d,2025-05-15 08:02:19.349777,True,GALLETITAS LELEL VAINILLA RELLENA FRAMBUESA BANADA 250 GR,CAJA * 35 - GALLETITAS LELEL VAINILLA RELLENA FRAMBUESA BANADA 250 GR,2.0
322,Unidades,7794990878581,13.0,12,1,unidad,bce08ea3-007a-4013-b75c-bcbda19a8727,322,4c13aec6-0e75-43bd-a51b-15901b4f2405,2025-05-15 08:02:19.855451,True,DULCE DE LECHE LA PAULINA 400 GR,PACK * 12 - DULCE DE LECHE LA PAULINA 400 GR,2.0
322,Unidades,7794990878581,13.0,1,1,unidad,bce08ea3-007a-4013-b75c-bcbda19a8727,322,608ac854-74ac-4473-a791-4fd01256bbe6,2025-05-15 08:02:19.855460,True,DULCE DE LECHE LA PAULINA 400 GR,DULCE DE LECHE LA PAULINA 400 GR,2.0
12026,Unidades,7790971001375,13.0,10,1,unidad,ff54dbda-110d-42c2-97fb-3d34290ada82,12026,3d05a726-9673-47d1-af02-f48f5f859ad8,2025-05-15 08:02:20.102436,True,CACAO ORLOC DULCE 1 KG,PACK * 10 - CACAO ORLOC DULCE 1 KG,2.0
12026,Unidades,7790971001375,13.0,1,1,unidad,ff54dbda-110d-42c2-97fb-3d34290ada82,12026,84bc8fa2-6284-4393-a2dd-637c768c284e,2025-05-15 08:02:20.102445,True,CACAO ORLOC DULCE 1 KG,CACAO ORLOC DULCE 1 KG,2.0
632,Unidades,7790398000326,13.0,12,1,unidad,0a1d34a1-b72f-40a9-8fc7-81a8cce23850,632,32c4f285-b27d-43d3-ade3-d22b32da0f53,2025-05-15 08:02:21.394283,True,DULCE DE LECHE REPOSTERO LA PAULINA 1 KG,PACK * 12 - DULCE DE LECHE REPOSTERO LA PAULINA 1 KG,2.0
632,Unidades,7790398000326,13.0,1,1,unidad,0a1d34a1-b72f-40a9-8fc7-81a8cce23850,632,e39f9d1c-40e5-49db-9da8-d7f2ab745de9,2025-05-15 08:02:21.394291,True,DULCE DE LECHE REPOSTERO LA PAULINA 1 KG,DULCE DE LECHE REPOSTERO LA PAULINA 1 KG,2.0
4799,Unidades,7790080065169,13.0,20,1,unidad,7d01ec90-dce2-451e-89cd-d4995d19229e,4799,a806bf38-eda2-4f4a-8d17-6c0a3316bb3c,2025-05-15 08:02:21.587103,True,YOGUR VAINILLA SANCOR 190 GR,PACK * 20 - YOGUR VAINILLA SANCOR 190 GR,2.0
4799,Unidades,7790080065169,13.0,1,1,unidad,7d01ec90-dce2-451e-89cd-d4995d19229e,4799,a94e3e1f-7901-4844-a8ba-04adb066eabc,2025-05-15 08:02:21.587110,True,YOGUR VAINILLA SANCOR 190 GR,YOGUR VAINILLA SANCOR 190 GR,2.0
14852,Unidades,7794728002011,13.0,12,1,unidad,23032372-4459-4a31-9ed5-e2eed297be61,14852,42a3f43f-ad9c-49b2-8bdd-d3add96e4ff0,2025-05-15 08:02:22.113372,True,CERA DEPIMANIA  NATURAL POTE X 150 GR,PACK * 12 - CERA DEPIMANIA  NATURAL POTE X 150 GR,2.0
14852,Unidades,7794728002011,13.0,1,1,unidad,23032372-4459-4a31-9ed5-e2eed297be61,14852,321db40f-b413-4b6c-a286-321436e517c8,2025-05-15 08:02:22.113379,True,CERA DEPIMANIA  NATURAL POTE X 150 GR,CERA DEPIMANIA  NATURAL POTE X 150 GR,2.0
7577,Unidades,7790345172007,13.0,6,1,unidad,558ba641-f6c1-4730-bc38-2af21a689659,7577,1bb6556b-f7b4-49ed-b7d7-96bfb3f874e1,2025-05-15 08:02:22.185621,True,SECADOR DE PISO SAMANTHA 50 CM,PACK * 6 - SECADOR DE PISO SAMANTHA 50 CM,2.0
7577,Unidades,7790345172007,13.0,1,1,unidad,558ba641-f6c1-4730-bc38-2af21a689659,7577,86494777-5d51-4bc4-8723-d552dace76d5,2025-05-15 08:02:22.185627,True,SECADOR DE PISO SAMANTHA 50 CM,SECADOR DE PISO SAMANTHA 50 CM,2.0
21921,Unidades,17798111381261,14.0,144,5,unidad,895ffdbd-56f0-4d49-b6df-28558f967ae5,21921,645a622e-e9e7-4dd7-8ebd-7449c54203d8,2025-05-15 08:02:23.265495,True,ALFAJOR SUCCESSO MERENGUE CON FRUTOS DE BOSQUE 50GR,CAJA * 144 - ALFAJOR SUCCESSO MERENGUE CON FRUTOS DE BOSQUE 50GR,2.0
45023,Unidades,7896020615514,13.0,30,1,unidad,29d9d956-e84f-48ce-89d5-fa9b9ea6351a,45023,df339cb4-05f0-44d1-8d60-bf99a71e0226,2025-05-15 08:02:23.560605,True,FLOTADOR MOR 1.60 MTS POLIETILENO,PACK * 30 - FLOTADOR MOR 1.60 MTS POLIETILENO,2.0
45023,Unidades,7896020615514,13.0,1,1,unidad,29d9d956-e84f-48ce-89d5-fa9b9ea6351a,45023,638cf109-8072-49be-9e87-510b3bbd766e,2025-05-15 08:02:23.560613,True,FLOTADOR MOR 1.60 MTS POLIETILENO,FLOTADOR MOR 1.60 MTS POLIETILENO,2.0
11356,Unidades,7790787201297,13.0,8,1,unidad,e525b188-9987-4fac-bbf9-c37e8c5ef2ff,11356,b0cddcc1-44d6-4bf5-9575-2e11791401ee,2025-05-15 08:02:23.642455,True,LECHE EN POLVO ILOLAY DESCREMADA 30 UN 5 GR,PACK * 8 - LECHE EN POLVO ILOLAY DESCREMADA 30 UN 5 GR,2.0
11356,Unidades,7790787201297,13.0,1,1,unidad,e525b188-9987-4fac-bbf9-c37e8c5ef2ff,11356,17965b0d-ada2-49bb-ba5e-33b8ce1aa874,2025-05-15 08:02:23.642461,True,LECHE EN POLVO ILOLAY DESCREMADA 30 UN 5 GR,LECHE EN POLVO ILOLAY DESCREMADA 30 UN 5 GR,2.0
11355,Unidades,17790787172563,14.0,12,5,unidad,4300c8d0-7830-4ae5-a53e-46ae55b58762,11355,8e218644-abf5-4d2c-944f-bd021a6c27be,2025-05-15 08:02:23.664079,True,LECHE CHOCOLATADA ILOLAY 1 LT,CAJA * 12 - LECHE CHOCOLATADA ILOLAY 1 LT,2.0
11470,Unidades,7793893002000,13.0,10,1,unidad,ebd08d04-52e0-48ce-992f-a2bbffbb19c4,11470,e25c6da8-1514-4d6b-b2cd-69f773ebdab4,2025-05-15 08:02:23.723874,True,SALCHICHON CON JAMON PIAMONTESA 300 GR,PACK * 10 - SALCHICHON CON JAMON PIAMONTESA 300 GR,2.0
11470,Unidades,7793893002000,13.0,1,1,unidad,ebd08d04-52e0-48ce-992f-a2bbffbb19c4,11470,5ad74129-ce98-413e-9895-fd5886861609,2025-05-15 08:02:23.723881,True,SALCHICHON CON JAMON PIAMONTESA 300 GR,SALCHICHON CON JAMON PIAMONTESA 300 GR,2.0
1443,Unidades,7790398100026,13.0,1,1,unidad,ccf409de-d6a3-40a5-8bd8-414ae9502577,1443,36ebea33-53d5-4c6b-8fc6-112ec5e0ece6,2025-05-15 08:02:23.870067,True,DULCE DE LECHE LA PAULINA 1 KG,DULCE DE LECHE LA PAULINA 1 KG,2.0
1443,Unidades,7790398100026,13.0,12,1,unidad,ccf409de-d6a3-40a5-8bd8-414ae9502577,1443,c28028e0-23b7-4689-9e9b-30bee4cdccf6,2025-05-15 08:02:23.870103,True,DULCE DE LECHE LA PAULINA 1 KG,PACK * 12 - DULCE DE LECHE LA PAULINA 1 KG,2.0
2638,Unidades,7796989009983,13.0,10,1,unidad,0374ebbd-8923-437d-bd9f-1e40ffae1fc0,2638,75fb4210-3188-4ddd-b2c5-c3f30b6b2377,2025-05-15 08:02:24.358854,True,PAN SEMILLAS 600G ORO,PACK * 10 - PAN SEMILLAS 600G ORO,2.0
2638,Unidades,7796989009983,13.0,1,1,unidad,0374ebbd-8923-437d-bd9f-1e40ffae1fc0,2638,b341c17e-16f1-473f-8241-8f8d2c206c2c,2025-05-15 08:02:24.358860,True,PAN SEMILLAS 600G ORO,PAN SEMILLAS 600G ORO,2.0
2850,Unidades,7798085996839,13.0,1,1,unidad,3a4704ea-48d0-40ed-8654-0a7555213619,2850,ab4201b2-c105-4693-81e2-a5459479c8fe,2025-05-15 08:02:24.372633,True,DURAZNOS COINCO MITADES X 2.9KG,DURAZNOS COINCO MITADES X 2.9KG,2.0
2850,Unidades,7798085996839,13.0,6,1,unidad,3a4704ea-48d0-40ed-8654-0a7555213619,2850,b7eaf1e9-e614-4170-b55b-15f754a0f0b9,2025-05-15 08:02:24.372638,True,DURAZNOS COINCO MITADES X 2.9KG,PACK * 6 - DURAZNOS COINCO MITADES X 2.9KG,2.0
3273,Unidades,7790206006106,13.0,8,1,unidad,23b46735-31a3-4748-81ba-36c710461ae1,3273,a23f7de3-a603-4bc9-b95c-e5ed04f6c373,2025-05-15 08:02:24.464980,True,BOCADITO MARROC 60 UNI 14 GR,PACK * 8 - BOCADITO MARROC 60 UNI 14 GR,2.0
3273,Unidades,7790206006106,13.0,1,1,unidad,23b46735-31a3-4748-81ba-36c710461ae1,3273,1e33f510-ef9c-4e89-a249-d6d3bfb96b80,2025-05-15 08:02:24.464992,True,BOCADITO MARROC 60 UNI 14 GR,BOCADITO MARROC 60 UNI 14 GR,2.0
3275,Unidades,7790206007509,13.0,1,1,unidad,2a9316e5-0c7d-4974-8f75-7ef4cc874988,3275,33cd63c0-0712-44b0-ba81-5ca647edd81d,2025-05-15 08:02:24.514556,True,BOCADITOS DOS CORAZONES 20 X 26 G,BOCADITOS DOS CORAZONES 20 X 26 G,2.0
3275,Unidades,7790206007509,13.0,12,1,unidad,2a9316e5-0c7d-4974-8f75-7ef4cc874988,3275,c895bac1-8dda-4093-b66a-77695256d58d,2025-05-15 08:02:24.514564,True,BOCADITOS DOS CORAZONES 20 X 26 G,PACK * 12 - BOCADITOS DOS CORAZONES 20 X 26 G,2.0
14060,Unidades,7791249451656,13.0,36,1,unidad,fd1461d7-f8e1-4a1d-a295-8fa3077a753c,14060,d9e5cedc-1318-4e05-b55e-74004b0e6638,2025-05-15 08:02:24.726287,True,CHOCOLATE SHOT 90 GR,PACK * 36 - CHOCOLATE SHOT 90 GR,2.0
14060,Unidades,7791249451656,13.0,1,1,unidad,fd1461d7-f8e1-4a1d-a295-8fa3077a753c,14060,eca47f2e-f3e7-423b-b5d1-c3b375e4e7f2,2025-05-15 08:02:24.726295,True,CHOCOLATE SHOT 90 GR,CHOCOLATE SHOT 90 GR,2.0
15202,Unidades,7795541002868,13.0,25,1,unidad,bd281a93-842f-4c42-8a83-5d337086e70c,15202,c20a71a4-9635-4482-b52b-920016b6e81d,2025-05-15 08:02:25.403232,True,BOLSA DE RESIDUOS GOOD ROLLO 60X90 30 UN,PACK * 25 - BOLSA DE RESIDUOS GOOD ROLLO 60X90 30 UN,2.0
15202,Unidades,7795541002868,13.0,1,1,unidad,bd281a93-842f-4c42-8a83-5d337086e70c,15202,ada136ae-77ff-41b6-870e-b9a836a774c6,2025-05-15 08:02:25.403239,True,BOLSA DE RESIDUOS GOOD ROLLO 60X90 30 UN,BOLSA DE RESIDUOS GOOD ROLLO 60X90 30 UN,2.0
15201,Unidades,7795541002783,13.0,1,1,unidad,effb3b4a-96e5-47dc-b239-0dee53f3bbef,15201,21706fe7-5426-4860-8b9d-bfecaa1e5468,2025-05-15 08:02:25.444679,True,BOLSA DE RESIDUOS GOOD ROLLO 45X60 30 UN,BOLSA DE RESIDUOS GOOD ROLLO 45X60 30 UN,2.0
15201,Unidades,7795541002783,13.0,50,1,unidad,effb3b4a-96e5-47dc-b239-0dee53f3bbef,15201,ae6caf13-5eb2-44da-83c2-362be561c8d6,2025-05-15 08:02:25.444689,True,BOLSA DE RESIDUOS GOOD ROLLO 45X60 30 UN,PACK * 50 - BOLSA DE RESIDUOS GOOD ROLLO 45X60 30 UN,2.0
62302,Unidades,7798356951253,13.0,18,1,unidad,11b7f6e4-c66f-4f84-bf27-fe2774fbd761,62302,58d285ee-9aaa-495f-9578-a74595093635,2025-05-15 08:02:25.910203,True,CALZA LARGA JUV GRIS MEL NOMINAL T SXL,PACK * 18 - CALZA LARGA JUV GRIS MEL NOMINAL T SXL,2.0
7991,Unidades,7794990879731,13.0,4,1,unidad,f68ffb9a-27fe-410c-8086-6522fc179854,7991,59d10e52-5681-4114-bc1b-5a97fc93e8c4,2025-05-15 08:02:26.178748,True,CREMA DE LECHE LA PAULINA POU 5 LT,PACK * 4 - CREMA DE LECHE LA PAULINA POU 5 LT,2.0
7991,Unidades,7794990879731,13.0,1,1,unidad,f68ffb9a-27fe-410c-8086-6522fc179854,7991,46ccb870-d96c-4abf-a943-891b0e1d2571,2025-05-15 08:02:26.178758,True,CREMA DE LECHE LA PAULINA POU 5 LT,CREMA DE LECHE LA PAULINA POU 5 LT,2.0
9061,Unidades,7790174000519,13.0,30,1,unidad,7babea36-72cb-403b-acc9-21275b745e32,9061,1d7ca409-e8ec-4bac-b2c8-29887c787a11,2025-05-15 08:02:26.616647,True,MEDALLON VEGETALEX ESPINACA 300 GR,PACK * 30 - MEDALLON VEGETALEX ESPINACA 300 GR,2.0
9061,Unidades,7790174000519,13.0,1,1,unidad,7babea36-72cb-403b-acc9-21275b745e32,9061,79f18f3a-4cd7-4b2b-83e6-044a6d63e6a9,2025-05-15 08:02:26.616657,True,MEDALLON VEGETALEX ESPINACA 300 GR,MEDALLON VEGETALEX ESPINACA 300 GR,2.0
20965,Unidades,7898587774925,13.0,1,1,unidad,150e473f-57f9-4551-be03-c0d415a8e5ba,20965,ef67989a-4e6b-44c7-8e92-19286fe402bd,2025-05-15 08:02:27.469469,True,ACONDICIONADOR ELVIVE OLEO EXTRAORDINARIO NUTRICION 200 ML,ACONDICIONADOR ELVIVE OLEO EXTRAORDINARIO NUTRICION 200 ML,2.0
20965,Unidades,7898587774925,13.0,12,1,unidad,150e473f-57f9-4551-be03-c0d415a8e5ba,20965,0a85c6b4-23cd-44a3-aeba-84544b13c47e,2025-05-15 08:02:27.469478,True,ACONDICIONADOR ELVIVE OLEO EXTRAORDINARIO NUTRICION 200 ML,PACK * 12 - ACONDICIONADOR ELVIVE OLEO EXTRAORDINARIO NUTRICION 200 ML,2.0
20966,Unidades,7898587774949,13.0,1,1,unidad,62b48c1f-f4d0-45e0-9ca1-7fb4d827b642,20966,6b2bf2ef-b05b-4353-a3b3-834596b58d7f,2025-05-15 08:02:27.477942,True,ACONDICIONADOR ELVIVE OLEO EXTRAORDINARIO NUTRICION 400 ML,ACONDICIONADOR ELVIVE OLEO EXTRAORDINARIO NUTRICION 400 ML,2.0
20966,Unidades,7898587774949,13.0,12,1,unidad,62b48c1f-f4d0-45e0-9ca1-7fb4d827b642,20966,9673f145-8c14-4f3f-87da-bd5b0750234a,2025-05-15 08:02:27.477952,True,ACONDICIONADOR ELVIVE OLEO EXTRAORDINARIO NUTRICION 400 ML,PACK * 12 - ACONDICIONADOR ELVIVE OLEO EXTRAORDINARIO NUTRICION 400 ML,2.0
23368,Unidades,17792180136838,14.0,329,5,unidad,49b4b5af-ac19-4e21-af0b-6d830c058f94,23368,c1324ad1-c6a4-42b1-9d15-b3f09efd9790,2025-05-15 08:02:30.258733,True,PAN MIGNON CANUELAS X UNIDAD,CAJA * 329 - PAN MIGNON CANUELAS X UNIDAD,2.0
26416,Unidades,779812436139,12.0,12,2,unidad,41d26cef-85ed-4899-aac1-77ecfccedb72,26416,4e88f481-2732-47a1-975e-fbe656f2acb6,2025-05-15 08:02:31.746900,True,PAPEL HIGIENICO OKEY DOBLE HOJA BLANCO 4X30 MTSLP,PAPEL HIGIENICO OKEY DOBLE HOJA BLANCO 4X30 MTSLP,2.0
29914,Unidades,4005808555604,13.0,12,1,unidad,cae84fff-2196-480b-8822-72954ee3161e,29914,7d9f9291-21b9-4221-a2c5-5c99abad11e1,2025-05-15 08:02:32.675625,True,PROTECTOR SOLAR NIVEA  F15  PROTECT  BRONZE 200 ML,PACK * 12 - PROTECTOR SOLAR NIVEA  F15  PROTECT  BRONZE 200 ML,2.0
29914,Unidades,4005808555604,13.0,1,1,unidad,cae84fff-2196-480b-8822-72954ee3161e,29914,7a8b51c1-0308-41bb-8123-6435a0849698,2025-05-15 08:02:32.675632,True,PROTECTOR SOLAR NIVEA  F15  PROTECT  BRONZE 200 ML,PROTECTOR SOLAR NIVEA  F15  PROTECT  BRONZE 200 ML,2.0
30053,Unidades,7791274190216,13.0,1,1,unidad,dabf750c-59a9-4fec-948a-0bfb66ba5ed2,30053,c89c0a2c-2d2c-4a0f-924a-68ceb3667c5e,2025-05-15 08:02:32.780633,True,ACEITE COCOA BEACH BRONCEADOR SPRAY 250 ML,ACEITE COCOA BEACH BRONCEADOR SPRAY 250 ML,2.0
30053,Unidades,7791274190216,13.0,12,1,unidad,dabf750c-59a9-4fec-948a-0bfb66ba5ed2,30053,3d259f81-d015-43c6-9e57-3fb3d3945994,2025-05-15 08:02:32.780640,True,ACEITE COCOA BEACH BRONCEADOR SPRAY 250 ML,PACK * 12 - ACEITE COCOA BEACH BRONCEADOR SPRAY 250 ML,2.0
29912,Unidades,4005808555635,13.0,12,1,unidad,653c9d24-0c4a-4003-9626-d83dbef76b64,29912,544205d6-abf1-4112-acf4-26f5045eb897,2025-05-15 08:02:32.836084,True,PROTECTOR SOLAR NIVEA F15  HIDRATANTE  200 ML,PACK * 12 - PROTECTOR SOLAR NIVEA F15  HIDRATANTE  200 ML,2.0
29912,Unidades,4005808555635,13.0,1,1,unidad,653c9d24-0c4a-4003-9626-d83dbef76b64,29912,3ef1f0f5-272b-44ce-a103-46fe69c2997e,2025-05-15 08:02:32.836092,True,PROTECTOR SOLAR NIVEA F15  HIDRATANTE  200 ML,PROTECTOR SOLAR NIVEA F15  HIDRATANTE  200 ML,2.0
84119,Unidades,7798182439307,13.0,1,1,unidad,68b3802e-b694-487c-8750-090ce304248a,84119,88721088-8bc7-40a6-aaab-f21d669b04c3,2025-05-15 08:02:36.204345,True,PISTOLA 28 CMS 12 DARDOS,PISTOLA 28 CMS 12 DARDOS,2.0
84119,Unidades,7798182439307,13.0,24,1,unidad,68b3802e-b694-487c-8750-090ce304248a,84119,db1efd25-367b-46f2-aaf4-3ca785fd29c7,2025-05-15 08:02:36.204355,True,PISTOLA 28 CMS 12 DARDOS,PACK * 24 - PISTOLA 28 CMS 12 DARDOS,2.0
84116,Unidades,7798182439277,13.0,1,1,unidad,f2be86d5-497d-46f8-ab4c-ea7b18a96f73,84116,ffe0b8da-4e5b-40ff-87dc-9a21560ec9e5,2025-05-15 08:02:36.222523,True,AUTO RADIO CONTROL ESCALA 1:20,AUTO RADIO CONTROL ESCALA 1:20,2.0
84116,Unidades,7798182439277,13.0,12,1,unidad,f2be86d5-497d-46f8-ab4c-ea7b18a96f73,84116,7fa887b9-47af-4e1e-bdd9-a0e5c14bc200,2025-05-15 08:02:36.222533,True,AUTO RADIO CONTROL ESCALA 1:20,PACK * 12 - AUTO RADIO CONTROL ESCALA 1:20,2.0
84121,Unidades,7798182439321,13.0,1,1,unidad,4f5b5770-198a-4147-baa6-3a63b2a872e2,84121,4b67efad-07f3-44a6-8a8e-af587fb28371,2025-05-15 08:02:36.259894,True,MUNECA ARTICULADA 30 CMS,MUNECA ARTICULADA 30 CMS,2.0
84121,Unidades,7798182439321,13.0,72,1,unidad,4f5b5770-198a-4147-baa6-3a63b2a872e2,84121,6614496a-9afb-47d5-85b5-10fa9679c035,2025-05-15 08:02:36.259904,True,MUNECA ARTICULADA 30 CMS,PACK * 72 - MUNECA ARTICULADA 30 CMS,2.0
84117,Unidades,7798182439284,13.0,36,1,unidad,19d1ca60-b770-41f2-b3d4-467c6961674b,84117,b6df0c9d-899e-4f91-a60b-54569402daba,2025-05-15 08:02:36.299035,True,PISTOLA 22 CMS 6 DARDOS CBLANCO,PACK * 36 - PISTOLA 22 CMS 6 DARDOS CBLANCO,2.0
84117,Unidades,7798182439284,13.0,1,1,unidad,19d1ca60-b770-41f2-b3d4-467c6961674b,84117,6d58013e-cc9c-41a4-b62b-88e18982b8f0,2025-05-15 08:02:36.299043,True,PISTOLA 22 CMS 6 DARDOS CBLANCO,PISTOLA 22 CMS 6 DARDOS CBLANCO,2.0
29456,Unidades,7791293021287,13.0,6,1,unidad,f146c5c8-8f8c-4735-9e32-155e450b6c2a,29456,78490d82-5636-45d7-a5f2-0f6721b1a33e,2025-05-15 08:02:38.051420,True,GEL FIJADOR LORD CHESELINE 280 GR,PACK * 6 - GEL FIJADOR LORD CHESELINE 280 GR,2.0
29456,Unidades,7791293021287,13.0,1,1,unidad,f146c5c8-8f8c-4735-9e32-155e450b6c2a,29456,35ed6c67-887b-4a61-b03f-1b5b57614c92,2025-05-15 08:02:38.051429,True,GEL FIJADOR LORD CHESELINE 280 GR,GEL FIJADOR LORD CHESELINE 280 GR,2.0
29268,Unidades,7899026462533,13.0,1,1,unidad,3d982f59-c3f6-4e9e-9e4c-0b0897c01ca1,29268,966df777-5b99-4fa6-b2bb-29b486168503,2025-05-15 08:02:38.946665,True,TINTURA GARNIER COR INTENSE 1.0,TINTURA GARNIER COR INTENSE 1.0,2.0
29268,Unidades,7899026462533,13.0,6,1,unidad,3d982f59-c3f6-4e9e-9e4c-0b0897c01ca1,29268,f41b66fe-3d8e-4632-b5f4-c45a42ff1625,2025-05-15 08:02:38.946671,True,TINTURA GARNIER COR INTENSE 1.0,PACK * 6 - TINTURA GARNIER COR INTENSE 1.0,2.0
